ts,close,regime5,drawdown_pct,date,prev_regime
2021-01-01 00:00:00+00:00,738.27,CRASH,0.0,2021-01-01,
2021-01-04 12:00:00+00:00,966.48,RECOVERY,-0.1652516388699354,2021-01-04,CRASH
2021-01-08 02:00:00+00:00,1181.48,CRASH,-0.0812181162125171,2021-01-08,RECOVERY
2021-01-08 03:00:00+00:00,1127.3,CORRECTION,-0.1233513748911286,2021-01-08,CRASH
2021-01-11 02:00:00+00:00,1193.71,CRASH,-0.1151148999258709,2021-01-11,CORRECTION
2021-01-14 13:00:00+00:00,1178.86,CORRECTION,-0.1261230541141587,2021-01-14,CRASH
2021-01-15 05:00:00+00:00,1212.58,CRASH,-0.1011267605633803,2021-01-15,CORRECTION
2021-01-15 06:00:00+00:00,1188.15,CORRECTION,-0.1192364714603409,2021-01-15,CRASH
2021-01-15 15:00:00+00:00,1187.09,CRASH,-0.1200222386953299,2021-01-15,CORRECTION
2021-01-16 00:00:00+00:00,1189.67,CORRECTION,-0.1181097108969606,2021-01-16,CRASH
2021-01-16 01:00:00+00:00,1191.06,CRASH,-0.1170793180133432,2021-01-16,CORRECTION
2021-01-16 08:00:00+00:00,1182.33,CORRECTION,-0.1235507783543366,2021-01-16,CRASH
2021-01-17 07:00:00+00:00,1205.35,CRASH,-0.1064862861378799,2021-01-17,CORRECTION
2021-01-17 08:00:00+00:00,1178.24,CORRECTION,-0.1265826538176427,2021-01-17,CRASH
2021-01-17 09:00:00+00:00,1207.67,CRASH,-0.1047664936990362,2021-01-17,CORRECTION
2021-01-17 10:00:00+00:00,1184.82,CORRECTION,-0.121704966641957,2021-01-17,CRASH
2021-01-21 08:00:00+00:00,1310.36,CRASH,-0.0849249635118055,2021-01-21,CORRECTION
2021-01-21 09:00:00+00:00,1268.75,CORRECTION,-0.1139828348359253,2021-01-21,CRASH
2021-01-21 10:00:00+00:00,1261.24,CRASH,-0.1192273581150443,2021-01-21,CORRECTION
2021-01-22 18:00:00+00:00,1227.47,CORRECTION,-0.142810254404771,2021-01-22,CRASH
2021-01-22 20:00:00+00:00,1267.36,CRASH,-0.1149535255626864,2021-01-22,CORRECTION
2021-01-23 05:00:00+00:00,1246.61,RECOVERY,-0.1294440525988673,2021-01-23,CRASH
2021-01-26 12:00:00+00:00,1315.04,CRASH,-0.1038176886696017,2021-01-26,RECOVERY
2021-01-26 13:00:00+00:00,1262.7,CORRECTION,-0.1394867041938693,2021-01-26,CRASH
2021-01-26 14:00:00+00:00,1290.56,CRASH,-0.1205004838555794,2021-01-26,CORRECTION
2021-01-26 16:00:00+00:00,1300.99,CORRECTION,-0.113392577246521,2021-01-26,CRASH
2021-01-27 08:00:00+00:00,1285.8,CRASH,-0.1237443606972973,2021-01-27,CORRECTION
2021-01-27 15:00:00+00:00,1235.02,CORRECTION,-0.1583502569204978,2021-01-27,CRASH
2021-01-27 16:00:00+00:00,1283.75,CRASH,-0.1251414084967766,2021-01-27,CORRECTION
2021-01-27 20:00:00+00:00,1268.45,CORRECTION,-0.1355681554880126,2021-01-27,CRASH
2021-01-27 21:00:00+00:00,1281.46,CRASH,-0.1267020131118047,2021-01-27,CORRECTION
2021-01-28 03:00:00+00:00,1274.23,CORRECTION,-0.1316291621802124,2021-01-28,CRASH
2021-01-28 08:00:00+00:00,1286.21,CRASH,-0.1234649511374014,2021-01-28,CORRECTION
2021-01-28 09:00:00+00:00,1268.5,CORRECTION,-0.13553408115144,2021-01-28,CRASH
2021-02-01 00:00:00+00:00,1303.84,CRASH,-0.1114503400618791,2021-02-01,CORRECTION
2021-02-01 01:00:00+00:00,1286.93,CORRECTION,-0.1229742806907549,2021-02-01,CRASH
2021-02-09 14:00:00+00:00,1742.28,RECOVERY,-0.0411280070005118,2021-02-09,CORRECTION
2021-02-16 14:00:00+00:00,1763.84,RANGE,-0.0582858607268514,2021-02-16,RECOVERY
2021-02-17 16:00:00+00:00,1814.96,BULL,-0.0309928937912771,2021-02-17,RANGE
2021-02-21 16:00:00+00:00,1963.29,RANGE,-0.0361761038399984,2021-02-21,BULL
2021-02-22 10:00:00+00:00,1810.88,CRASH,-0.1109976533888403,2021-02-22,RANGE
2021-03-08 10:00:00+00:00,1687.2,RECOVERY,-0.1717149898378972,2021-03-08,CRASH
2021-03-12 12:00:00+00:00,1765.42,CRASH,-0.133315005547428,2021-03-12,RECOVERY
2021-03-13 07:00:00+00:00,1770.5,CORRECTION,-0.1308211175367455,2021-03-13,CRASH
2021-03-13 08:00:00+00:00,1792.33,CRASH,-0.1201042720105254,2021-03-13,CORRECTION
2021-03-13 09:00:00+00:00,1787.2,CORRECTION,-0.1226227061630452,2021-03-13,CRASH
2021-03-15 09:00:00+00:00,1791.27,CRASH,-0.1206246502174788,2021-03-15,CORRECTION
2021-03-15 13:00:00+00:00,1777.94,CORRECTION,-0.1271686516313365,2021-03-15,CRASH
2021-03-15 14:00:00+00:00,1796.0,CRASH,-0.1183025851996583,2021-03-15,CORRECTION
2021-03-15 19:00:00+00:00,1787.23,CORRECTION,-0.1226079784779428,2021-03-15,CRASH
2021-03-16 00:00:00+00:00,1797.98,CRASH,-0.1173305579828962,2021-03-16,CORRECTION
2021-03-16 06:00:00+00:00,1753.0,CORRECTION,-0.1394122671798446,2021-03-16,CRASH
2021-03-16 12:00:00+00:00,1784.12,CRASH,-0.1241347485002307,2021-03-16,CORRECTION
2021-03-16 14:00:00+00:00,1788.13,CORRECTION,-0.1221661479248691,2021-03-16,CRASH
2021-03-16 17:00:00+00:00,1801.04,CRASH,-0.1158283341024458,2021-03-16,CORRECTION
2021-03-16 20:00:00+00:00,1797.79,CORRECTION,-0.1174238333218784,2021-03-16,CRASH
2021-03-17 00:00:00+00:00,1805.43,CRASH,-0.1136731828491197,2021-03-17,CORRECTION
2021-03-17 17:00:00+00:00,1784.87,CORRECTION,-0.1237665563726694,2021-03-17,CRASH
2021-03-18 19:00:00+00:00,1792.95,CRASH,-0.1197998998517412,2021-03-18,CORRECTION
2021-03-19 05:00:00+00:00,1786.57,CORRECTION,-0.1229319875501969,2021-03-19,CRASH
2021-03-21 02:00:00+00:00,1795.22,CRASH,-0.1186855050123221,2021-03-21,CORRECTION
2021-03-21 03:00:00+00:00,1787.04,CORRECTION,-0.122701253816925,2021-03-21,CRASH
2021-03-21 04:00:00+00:00,1782.18,CRASH,-0.1250871388035228,2021-03-21,CORRECTION
2021-03-21 13:00:00+00:00,1776.63,CORRECTION,-0.1278117605474771,2021-03-21,CRASH
2021-03-21 16:00:00+00:00,1783.24,CRASH,-0.1245667605965694,2021-03-21,CORRECTION
2021-03-21 17:00:00+00:00,1782.34,CORRECTION,-0.1250085911496431,2021-03-21,CRASH
2021-03-21 23:00:00+00:00,1791.2,CRASH,-0.1206590148160512,2021-03-21,CORRECTION
2021-03-22 04:00:00+00:00,1780.16,CORRECTION,-0.1260788029337548,2021-03-22,CRASH
2021-03-22 08:00:00+00:00,1788.49,CRASH,-0.1219894157036397,2021-03-22,CORRECTION
2021-03-22 10:00:00+00:00,1780.03,CORRECTION,-0.1261426229025322,2021-03-22,CRASH
2021-03-22 12:00:00+00:00,1792.99,CRASH,-0.1197802629382713,2021-03-22,CORRECTION
2021-03-22 13:00:00+00:00,1780.34,CORRECTION,-0.1259904368231401,2021-03-22,CRASH
2021-03-22 19:00:00+00:00,1767.39,CRASH,-0.1323478875590334,2021-03-22,CORRECTION
2021-03-23 19:00:00+00:00,1712.99,CORRECTION,-0.1590540898781529,2021-03-23,CRASH
2021-03-23 20:00:00+00:00,1701.87,CRASH,-0.1645131518227965,2021-03-23,CORRECTION
2021-03-24 08:00:00+00:00,1700.58,CORRECTION,-0.1651464422822021,2021-03-24,CRASH
2021-03-24 16:00:00+00:00,1715.24,CRASH,-0.1579495134954688,2021-03-24,CORRECTION
2021-03-26 16:00:00+00:00,1636.83,RECOVERY,-0.1964427731249202,2021-03-26,CRASH
2021-04-02 16:00:00+00:00,2070.03,BULL,-0.0032886183950771,2021-04-02,RECOVERY
2021-04-07 00:00:00+00:00,2111.49,RANGE,-0.0163973372960233,2021-04-07,BULL
2021-04-07 02:00:00+00:00,2100.99,BULL,-0.0212885884780756,2021-04-07,RANGE
2021-04-07 03:00:00+00:00,2107.7,RANGE,-0.0181628460560212,2021-04-07,BULL
2021-04-07 17:00:00+00:00,1995.02,CRASH,-0.0706529587411317,2021-04-07,RANGE
2021-04-21 17:00:00+00:00,2428.21,RECOVERY,-0.0458862313800839,2021-04-21,CRASH
2021-04-28 17:00:00+00:00,2705.95,BULL,-0.0095786422265493,2021-04-28,RECOVERY
2021-05-04 15:00:00+00:00,3380.44,RANGE,-0.0396477272727272,2021-05-04,BULL
2021-05-04 17:00:00+00:00,3308.99,BULL,-0.0599460227272727,2021-05-04,RANGE
2021-05-04 22:00:00+00:00,3328.6,RANGE,-0.054375,2021-05-04,BULL
2021-05-05 01:00:00+00:00,3326.81,BULL,-0.0548835227272727,2021-05-05,RANGE
2021-05-05 02:00:00+00:00,3346.3,RANGE,-0.0493465909090908,2021-05-05,BULL
2021-05-05 07:00:00+00:00,3254.78,BULL,-0.0753465909090908,2021-05-05,RANGE
2021-05-05 15:00:00+00:00,3349.87,RANGE,-0.0483323863636364,2021-05-05,BULL
2021-05-05 16:00:00+00:00,3311.83,BULL,-0.0591392045454545,2021-05-05,RANGE
2021-05-06 06:00:00+00:00,3445.06,RANGE,-0.0294676109824602,2021-05-06,BULL
2021-05-06 07:00:00+00:00,3414.84,BULL,-0.0379811024154425,2021-05-06,RANGE
2021-05-06 18:00:00+00:00,3539.57,RANGE,-0.0178746333924343,2021-05-06,BULL
2021-05-06 19:00:00+00:00,3476.82,BULL,-0.035285891470287,2021-05-06,RANGE
2021-05-06 20:00:00+00:00,3479.31,RANGE,-0.034594990552138,2021-05-06,BULL
2021-05-06 21:00:00+00:00,3480.17,BULL,-0.0343563661386407,2021-05-06,RANGE
2021-05-07 01:00:00+00:00,3494.14,RANGE,-0.0304801067705515,2021-05-07,BULL
2021-05-07 09:00:00+00:00,3440.21,BULL,-0.0454440772588158,2021-05-07,RANGE
2021-05-07 10:00:00+00:00,3475.35,RANGE,-0.0356937727352184,2021-05-07,BULL
2021-05-07 12:00:00+00:00,3445.48,BULL,-0.0439818090505245,2021-05-07,RANGE
2021-05-07 21:00:00+00:00,3499.72,RANGE,-0.0289318227853018,2021-05-07,BULL
2021-05-08 00:00:00+00:00,3495.08,BULL,-0.030219284737194,2021-05-08,RANGE
2021-05-09 12:00:00+00:00,3837.21,RANGE,-0.0361553822388003,2021-05-09,BULL
2021-05-09 13:00:00+00:00,3781.15,BULL,-0.0502367406402672,2021-05-09,RANGE
2021-05-10 19:00:00+00:00,4125.98,RANGE,-0.0185141573953154,2021-05-10,BULL
2021-05-10 22:00:00+00:00,4044.53,BULL,-0.0378894383904125,2021-05-10,RANGE
2021-05-10 23:00:00+00:00,3997.24,RANGE,-0.0491387574604943,2021-05-10,BULL
2021-05-11 09:00:00+00:00,3937.04,BULL,-0.0634591001972021,2021-05-11,RANGE
2021-05-11 12:00:00+00:00,3962.76,RANGE,-0.057340840808695,2021-05-11,BULL
2021-05-11 13:00:00+00:00,3988.38,BULL,-0.0512463693649333,2021-05-11,RANGE
2021-05-12 15:00:00+00:00,4277.82,RANGE,-0.0215707218220868,2021-05-12,BULL
2021-05-12 22:00:00+00:00,4150.0,BULL,-0.0508059000990364,2021-05-12,RANGE
2021-05-12 23:00:00+00:00,4160.04,CRASH,-0.0485095365416856,2021-05-12,BULL
2021-05-26 23:00:00+00:00,2826.51,RECOVERY,-0.3535164782382957,2021-05-26,CRASH
2021-05-29 23:00:00+00:00,2255.09,CRASH,-0.4842125005432134,2021-05-29,RECOVERY
2021-06-13 20:00:00+00:00,2447.0,RECOVERY,-0.4403185632632149,2021-06-13,CRASH
2021-06-16 20:00:00+00:00,2414.11,CRASH,-0.4478412124067674,2021-06-16,RECOVERY
2021-06-30 20:00:00+00:00,2271.66,RECOVERY,-0.4804225857877053,2021-06-30,CRASH
2021-07-05 11:00:00+00:00,2300.84,CRASH,-0.4737484932973173,2021-07-05,RECOVERY
2021-07-07 19:00:00+00:00,2368.72,CORRECTION,-0.4582228799235156,2021-07-07,CRASH
2021-07-07 23:00:00+00:00,2321.15,CRASH,-0.469103160244549,2021-07-07,CORRECTION
2021-07-21 08:00:00+00:00,1876.87,RECOVERY,-0.570719534872019,2021-07-21,CRASH
2021-07-27 06:00:00+00:00,2199.72,CRASH,-0.4968768083291211,2021-07-27,RECOVERY
2021-08-10 07:00:00+00:00,3107.7,RECOVERY,-0.2892022881295845,2021-08-10,CRASH
2021-08-17 07:00:00+00:00,3139.49,RANGE,-0.2819312326028733,2021-08-17,RECOVERY
2021-08-18 11:00:00+00:00,3052.21,CRASH,-0.3018940424918747,2021-08-18,RANGE
2021-09-01 11:00:00+00:00,3553.02,RECOVERY,-0.1873480431734646,2021-09-01,CRASH
2021-09-07 14:00:00+00:00,3747.89,CRASH,-0.1427770903426934,2021-09-07,RECOVERY
2021-09-23 00:00:00+00:00,3065.44,RECOVERY,-0.2988680574456844,2021-09-23,CRASH
2021-09-26 04:00:00+00:00,2857.11,CRASH,-0.3465176012607127,2021-09-26,RECOVERY
2021-10-05 20:00:00+00:00,3493.36,CORRECTION,-0.2009935660650529,2021-10-05,CRASH
2021-10-06 04:00:00+00:00,3493.69,CRASH,-0.2009180879800006,2021-10-06,CORRECTION
2021-10-06 05:00:00+00:00,3461.65,CORRECTION,-0.2082463238741757,2021-10-06,CRASH
2021-10-06 07:00:00+00:00,3482.19,CRASH,-0.2035483848833406,2021-10-06,CORRECTION
2021-10-06 13:00:00+00:00,3455.29,CORRECTION,-0.2097009924224577,2021-10-06,CRASH
2021-10-11 13:00:00+00:00,3580.97,RECOVERY,-0.1809552780909991,2021-10-11,CORRECTION
2021-10-18 13:00:00+00:00,3699.03,RANGE,-0.1539524213598406,2021-10-18,RECOVERY
2021-10-20 01:00:00+00:00,3870.0,BULL,-0.1148479116586195,2021-10-20,RANGE
2021-10-24 08:00:00+00:00,4093.57,RANGE,-0.0637126526429909,2021-10-24,BULL
2021-10-24 09:00:00+00:00,4089.29,BULL,-0.0646915805339731,2021-10-24,RANGE
2021-10-24 11:00:00+00:00,4087.85,RANGE,-0.0650209394505653,2021-10-24,BULL
2021-10-25 04:00:00+00:00,4140.61,BULL,-0.052953594700981,2021-10-25,RANGE
2021-10-26 13:00:00+00:00,4190.5,RANGE,-0.0415426805698824,2021-10-26,BULL
2021-10-26 15:00:00+00:00,4154.27,BULL,-0.0498292594227526,2021-10-26,RANGE
2021-10-26 16:00:00+00:00,4171.0,RANGE,-0.0460027492320676,2021-10-26,BULL
2021-10-26 17:00:00+00:00,4165.26,BULL,-0.047315610469039,2021-10-26,RANGE
2021-10-26 22:00:00+00:00,4170.58,RANGE,-0.046098812249407,2021-10-26,BULL
2021-10-27 03:00:00+00:00,4179.55,BULL,-0.0440471806648018,2021-10-27,RANGE
2021-10-27 07:00:00+00:00,4227.56,RANGE,-0.0330662628970318,2021-10-27,BULL
2021-10-28 17:00:00+00:00,4204.91,BULL,-0.0382468041892625,2021-10-28,RANGE
2021-10-30 03:00:00+00:00,4363.06,RANGE,-0.0194643647731179,2021-10-30,BULL
2021-10-30 05:00:00+00:00,4350.48,BULL,-0.0222915407209974,2021-10-30,RANGE
2021-10-30 07:00:00+00:00,4364.03,RANGE,-0.0192463710792037,2021-10-30,BULL
2021-10-30 10:00:00+00:00,4317.76,BULL,-0.0296448950146864,2021-10-30,RANGE
2021-10-30 11:00:00+00:00,4358.85,RANGE,-0.0204105023518597,2021-10-30,BULL
2021-10-30 19:00:00+00:00,4323.66,BULL,-0.0283189539898464,2021-10-30,RANGE
2021-10-30 20:00:00+00:00,4337.5,RANGE,-0.0252086109756454,2021-10-30,BULL
2021-10-30 23:00:00+00:00,4298.99,BULL,-0.0338631853598132,2021-10-30,RANGE
2021-10-31 05:00:00+00:00,4368.46,RANGE,-0.0182507916317389,2021-10-31,BULL
2021-11-02 05:00:00+00:00,4356.89,BULL,-0.0208509844550269,2021-11-02,RANGE
2021-11-03 12:00:00+00:00,4572.88,RANGE,-0.0142530717827117,2021-11-03,BULL
2021-11-03 15:00:00+00:00,4508.26,BULL,-0.0281827980168139,2021-11-03,RANGE
2021-11-03 16:00:00+00:00,4556.65,RANGE,-0.0177516706186678,2021-11-03,BULL
2021-11-03 17:00:00+00:00,4524.04,BULL,-0.0247812028454408,2021-11-03,RANGE
2021-11-04 01:00:00+00:00,4570.89,RANGE,-0.0185473464068005,2021-11-04,BULL
2021-11-04 02:00:00+00:00,4568.78,BULL,-0.0190004015227806,2021-11-04,RANGE
2021-11-04 03:00:00+00:00,4571.83,RANGE,-0.0183455114262219,2021-11-04,BULL
2021-11-04 04:00:00+00:00,4572.7,BULL,-0.0181587067101543,2021-11-04,RANGE
2021-11-04 05:00:00+00:00,4575.07,RANGE,-0.0176498248974186,2021-11-04,BULL
2021-11-04 06:00:00+00:00,4546.47,BULL,-0.0237907615405592,2021-11-04,RANGE
2021-11-04 07:00:00+00:00,4583.73,RANGE,-0.0157903664593207,2021-11-04,BULL
2021-11-04 13:00:00+00:00,4538.43,BULL,-0.0255170947787008,2021-11-04,RANGE
2021-11-04 14:00:00+00:00,4581.16,RANGE,-0.0163421918849455,2021-11-04,BULL
2021-11-07 06:00:00+00:00,4555.73,BULL,-0.0218024722637942,2021-11-07,RANGE
2021-11-09 16:00:00+00:00,4786.69,RANGE,-0.0091761160169075,2021-11-09,BULL
2021-11-09 20:00:00+00:00,4745.14,BULL,-0.017776784198782,2021-11-09,RANGE
2021-11-09 22:00:00+00:00,4791.26,RANGE,-0.0082301460147132,2021-11-09,BULL
2021-11-10 15:00:00+00:00,4850.53,BULL,0.0,2021-11-10,RANGE
2021-11-10 19:00:00+00:00,4789.89,RANGE,-0.0154165870143004,2021-11-10,BULL
2021-11-12 04:00:00+00:00,4772.04,BULL,-0.019085734723704,2021-11-12,RANGE
2021-11-12 05:00:00+00:00,4779.85,RANGE,-0.0174803541292814,2021-11-12,BULL
2021-11-15 09:00:00+00:00,4732.78,BULL,-0.0271558041394565,2021-11-15,RANGE
2021-11-15 15:00:00+00:00,4654.86,RANGE,-0.043172610274847,2021-11-15,BULL
2021-11-16 02:00:00+00:00,4398.44,CRASH,-0.0958808935042725,2021-11-16,RANGE
2021-11-30 02:00:00+00:00,4478.79,RECOVERY,-0.0793645899496186,2021-11-30,CRASH
2021-12-03 19:00:00+00:00,4315.5,CRASH,-0.1129295831971535,2021-12-03,RECOVERY
2021-12-06 21:00:00+00:00,4215.15,CORRECTION,-0.1335569766222875,2021-12-06,CRASH
2021-12-09 14:00:00+00:00,4310.13,CRASH,-0.1140334108273774,2021-12-09,CORRECTION
2021-12-18 12:00:00+00:00,3975.11,RECOVERY,-0.1828982772477898,2021-12-18,CRASH
2021-12-22 12:00:00+00:00,4031.57,CRASH,-0.1712926705434244,2021-12-22,RECOVERY
2022-01-11 16:00:00+00:00,3154.16,RECOVERY,-0.3516482387063223,2022-01-11,CRASH
2022-01-17 03:00:00+00:00,3327.51,CRASH,-0.3160153672539358,2022-01-17,RECOVERY
2022-01-31 14:00:00+00:00,2554.62,RECOVERY,-0.4748863797537047,2022-01-31,CRASH
2022-02-03 14:00:00+00:00,2602.07,CRASH,-0.4651328190359905,2022-02-03,RECOVERY
2022-02-05 15:00:00+00:00,3020.4,CORRECTION,-0.3791432077600932,2022-02-05,CRASH
2022-02-05 16:00:00+00:00,3040.67,CRASH,-0.3749766181763617,2022-02-05,CORRECTION
2022-02-05 20:00:00+00:00,3004.53,CORRECTION,-0.3824053575723192,2022-02-05,CRASH
2022-02-06 14:00:00+00:00,3015.42,CRASH,-0.3801668691378428,2022-02-06,CORRECTION
2022-02-06 15:00:00+00:00,2962.15,CORRECTION,-0.3911167570078666,2022-02-06,CRASH
2022-02-11 20:00:00+00:00,2967.89,CRASH,-0.3899368742150388,2022-02-11,CORRECTION
2022-02-12 18:00:00+00:00,2948.0,CORRECTION,-0.3940253530912312,2022-02-12,CRASH
2022-02-12 19:00:00+00:00,2973.13,CRASH,-0.388859768668973,2022-02-12,CORRECTION
2022-02-12 20:00:00+00:00,2952.63,CORRECTION,-0.3930736357862151,2022-02-12,CRASH
2022-02-12 21:00:00+00:00,2965.86,CRASH,-0.3903541498368925,2022-02-12,CORRECTION
2022-02-15 01:00:00+00:00,2919.65,CORRECTION,-0.3998528229826368,2022-02-15,CRASH
2022-02-18 14:00:00+00:00,2905.22,CRASH,-0.4028189743241883,2022-02-18,CORRECTION
2022-02-23 07:00:00+00:00,2665.49,RECOVERY,-0.4520965530566981,2022-02-23,CRASH
2022-02-27 01:00:00+00:00,2741.12,CRASH,-0.4365504667114776,2022-02-27,RECOVERY
2022-02-28 22:00:00+00:00,2830.73,CORRECTION,-0.4181307285467914,2022-02-28,CRASH
2022-03-03 15:00:00+00:00,2886.51,CRASH,-0.4066648988980224,2022-03-03,CORRECTION
2022-03-15 16:00:00+00:00,2573.88,RECOVERY,-0.4709274002084322,2022-03-15,CRASH
2022-03-22 16:00:00+00:00,3011.13,BULL,-0.3810486979150608,2022-03-22,RECOVERY
2022-03-27 12:00:00+00:00,3148.34,RANGE,-0.3528445658586319,2022-03-27,BULL
2022-03-27 13:00:00+00:00,3131.94,BULL,-0.3562156595524257,2022-03-27,RANGE
2022-03-29 20:00:00+00:00,3424.49,RANGE,-0.2960806924719779,2022-03-29,BULL
2022-03-29 23:00:00+00:00,3388.62,BULL,-0.3034539321546839,2022-03-29,RANGE
2022-03-30 00:00:00+00:00,3391.07,RANGE,-0.3029503236455501,2022-03-30,BULL
2022-03-30 05:00:00+00:00,3371.99,BULL,-0.3068723033819882,2022-03-30,RANGE
2022-03-30 09:00:00+00:00,3401.38,RANGE,-0.3008310568173176,2022-03-30,BULL
2022-03-30 10:00:00+00:00,3395.75,BULL,-0.3019883286158577,2022-03-30,RANGE
2022-03-30 13:00:00+00:00,3398.82,RANGE,-0.301357276320739,2022-03-30,BULL
2022-03-30 16:00:00+00:00,3383.18,BULL,-0.3045721485994545,2022-03-30,RANGE
2022-03-30 19:00:00+00:00,3382.38,RANGE,-0.3047365921942737,2022-03-30,BULL
2022-03-30 20:00:00+00:00,3397.41,BULL,-0.3016471081566079,2022-03-30,RANGE
2022-03-30 21:00:00+00:00,3406.91,RANGE,-0.2996943404681298,2022-03-30,BULL
2022-03-31 00:00:00+00:00,3381.87,BULL,-0.304841424985971,2022-03-31,RANGE
2022-03-31 04:00:00+00:00,3397.73,RANGE,-0.3015813307186802,2022-03-31,BULL
2022-03-31 06:00:00+00:00,3392.37,BULL,-0.3026831028039689,2022-03-31,RANGE
2022-03-31 13:00:00+00:00,3438.8,RANGE,-0.2931392076696493,2022-03-31,BULL
2022-04-01 19:00:00+00:00,3462.55,BULL,-0.2882572884484541,2022-04-01,RANGE
2022-04-02 18:00:00+00:00,3465.04,RANGE,-0.2877454577595794,2022-04-02,BULL
2022-04-02 19:00:00+00:00,3454.71,BULL,-0.2898688356776823,2022-04-02,RANGE
2022-04-02 23:00:00+00:00,3460.68,RANGE,-0.2886416753513441,2022-04-02,BULL
2022-04-03 00:00:00+00:00,3457.13,BULL,-0.2893713938033542,2022-04-03,RANGE
2022-04-03 01:00:00+00:00,3465.55,RANGE,-0.2876406249678821,2022-04-03,BULL
2022-04-03 03:00:00+00:00,3443.22,BULL,-0.2922306568082732,2022-04-03,RANGE
2022-04-04 00:00:00+00:00,3517.94,RANGE,-0.2768716250521595,2022-04-04,BULL
2022-04-04 02:00:00+00:00,3487.75,BULL,-0.2830773152116492,2022-04-04,RANGE
2022-04-04 03:00:00+00:00,3505.31,RANGE,-0.2794677783053677,2022-04-04,BULL
2022-04-04 04:00:00+00:00,3487.07,BULL,-0.2832170922672455,2022-04-04,RANGE
2022-04-04 08:00:00+00:00,3500.99,RANGE,-0.2803557737173914,2022-04-04,BULL
2022-04-05 02:00:00+00:00,3522.66,BULL,-0.2759014078427262,2022-04-05,RANGE
2022-04-05 13:00:00+00:00,3512.88,RANGE,-0.2779117307893909,2022-04-05,BULL
2022-04-06 16:00:00+00:00,3247.89,CRASH,-0.3323816160283173,2022-04-06,RANGE
2022-04-21 10:00:00+00:00,3089.99,RECOVERY,-0.3648386705557577,2022-04-21,CRASH
2022-04-24 17:00:00+00:00,2930.02,CRASH,-0.3977212228847929,2022-04-24,RECOVERY
2022-05-15 12:00:00+00:00,2087.01,RECOVERY,-0.5710057164704649,2022-05-15,CRASH
2022-05-18 12:00:00+00:00,2026.94,CRASH,-0.5833533748964519,2022-05-18,RECOVERY
2022-06-01 13:00:00+00:00,1948.8,RECOVERY,-0.5994154030204177,2022-06-01,CRASH
2022-06-07 00:00:00+00:00,1850.05,CRASH,-0.6197139092559133,2022-06-07,RECOVERY
2022-06-21 00:00:00+00:00,1126.49,RECOVERY,-0.7684449185901429,2022-06-21,CRASH
2022-06-27 13:00:00+00:00,1212.14,CRASH,-0.7508391762198117,2022-06-27,RECOVERY
2022-07-14 01:00:00+00:00,1112.98,RECOVERY,-0.7712219597976522,2022-07-14,CRASH
2022-07-21 01:00:00+00:00,1530.01,RANGE,-0.685499569363336,2022-07-21,RECOVERY
2022-07-21 11:00:00+00:00,1496.33,CRASH,-0.6924226447052246,2022-07-21,RANGE
2022-08-05 04:00:00+00:00,1659.74,RECOVERY,-0.6588329849184669,2022-08-05,CRASH
2022-08-12 04:00:00+00:00,1908.91,BULL,-0.6076149717670903,2022-08-12,RECOVERY
2022-08-16 04:00:00+00:00,1892.37,RANGE,-0.6110148430899774,2022-08-16,BULL
2022-08-19 06:00:00+00:00,1812.91,CRASH,-0.627348203145395,2022-08-19,RANGE
2022-09-02 06:00:00+00:00,1583.48,RECOVERY,-0.6745085705946074,2022-09-02,CRASH
2022-09-06 17:00:00+00:00,1655.76,CRASH,-0.6596510918026923,2022-09-06,RECOVERY
2022-09-10 22:00:00+00:00,1756.41,CORRECTION,-0.6389620320295012,2022-09-10,CRASH
2022-09-10 23:00:00+00:00,1780.94,CRASH,-0.6339197803033574,2022-09-10,CORRECTION
2022-09-21 18:00:00+00:00,1328.1,RECOVERY,-0.7270030771507681,2022-09-21,CRASH
2022-09-25 13:00:00+00:00,1323.16,CRASH,-0.7280185163487767,2022-09-25,RECOVERY
2022-10-14 01:00:00+00:00,1291.94,RECOVERY,-0.7344359276365962,2022-10-14,CRASH
2022-10-21 01:00:00+00:00,1285.33,RANGE,-0.7357946428387898,2022-10-21,RECOVERY
2022-10-22 14:00:00+00:00,1312.44,BULL,-0.730222060519354,2022-10-22,RANGE
2022-10-27 20:00:00+00:00,1552.74,RANGE,-0.6808273157255355,2022-10-27,BULL
2022-10-28 16:00:00+00:00,1542.81,BULL,-0.6828684718462288,2022-10-28,RANGE
2022-10-30 09:00:00+00:00,1612.87,RANGE,-0.668467324029937,2022-10-30,BULL
2022-10-31 12:00:00+00:00,1618.07,BULL,-0.6673984406636122,2022-10-31,RANGE
2022-10-31 13:00:00+00:00,1621.05,RANGE,-0.6667858882729105,2022-10-31,BULL
2022-11-04 11:00:00+00:00,1589.36,BULL,-0.6732999101726864,2022-11-04,RANGE
2022-11-05 14:00:00+00:00,1638.22,RANGE,-0.6632565176191034,2022-11-05,BULL
2022-11-05 15:00:00+00:00,1631.27,BULL,-0.6646851213490953,2022-11-05,RANGE
2022-11-05 18:00:00+00:00,1635.28,RANGE,-0.663860847830064,2022-11-05,BULL
2022-11-05 19:00:00+00:00,1629.47,BULL,-0.6650551194374384,2022-11-05,RANGE
2022-11-05 20:00:00+00:00,1633.19,RANGE,-0.6642904567215292,2022-11-05,BULL
2022-11-05 21:00:00+00:00,1632.37,BULL,-0.6644590114062189,2022-11-05,RANGE
2022-11-05 23:00:00+00:00,1633.76,RANGE,-0.6641732906602205,2022-11-05,BULL
2022-11-06 08:00:00+00:00,1622.05,BULL,-0.6665803337793865,2022-11-06,RANGE
2022-11-06 11:00:00+00:00,1627.62,RANGE,-0.6654353952504579,2022-11-06,BULL
2022-11-08 04:00:00+00:00,1511.19,CRASH,-0.6893681049314578,2022-11-08,RANGE
2022-11-23 03:00:00+00:00,1161.19,RECOVERY,-0.7613121776648598,2022-11-23,CRASH
2022-11-27 23:00:00+00:00,1203.85,CRASH,-0.7525432229711257,2022-11-27,RECOVERY
2022-12-08 17:00:00+00:00,1250.11,CORRECTION,-0.7430342721007054,2022-12-08,CRASH
2022-12-12 23:00:00+00:00,1272.8,RECOVERY,-0.7383702406426456,2022-12-12,CORRECTION
2022-12-16 22:00:00+00:00,1195.67,CRASH,-0.7542246587281521,2022-12-16,RECOVERY
2022-12-17 04:00:00+00:00,1174.04,CORRECTION,-0.7586708024230764,2022-12-17,CRASH
2022-12-17 05:00:00+00:00,1178.85,CRASH,-0.757682085309226,2022-12-17,CORRECTION
2022-12-17 06:00:00+00:00,1175.74,CORRECTION,-0.7583213597840857,2022-12-17,CRASH
2022-12-17 09:00:00+00:00,1180.16,CRASH,-0.7574128089227095,2022-12-17,CORRECTION
2022-12-17 10:00:00+00:00,1177.41,CORRECTION,-0.7579780837799005,2022-12-17,CRASH
2022-12-17 13:00:00+00:00,1178.87,CRASH,-0.7576779742193555,2022-12-17,CORRECTION
2022-12-17 15:00:00+00:00,1177.81,CORRECTION,-0.7578958619824909,2022-12-17,CRASH
2022-12-17 16:00:00+00:00,1179.4,CRASH,-0.7575690303377877,2022-12-17,CORRECTION
2022-12-17 22:00:00+00:00,1177.27,CORRECTION,-0.7580068614089939,2022-12-17,CRASH
2022-12-18 09:00:00+00:00,1187.64,CRASH,-0.7558752613111498,2022-12-18,CORRECTION
2022-12-18 10:00:00+00:00,1178.2,CORRECTION,-0.7578156957300166,2022-12-18,CRASH
2022-12-18 13:00:00+00:00,1181.37,CRASH,-0.7571640879855455,2022-12-18,CORRECTION
2022-12-18 18:00:00+00:00,1186.74,CORRECTION,-0.7560602603553216,2022-12-18,CRASH
2022-12-19 03:00:00+00:00,1180.73,CRASH,-0.7572956428614008,2022-12-19,CORRECTION
2022-12-19 04:00:00+00:00,1179.81,CORRECTION,-0.7574847529954429,2022-12-19,CRASH
2022-12-19 05:00:00+00:00,1182.31,CRASH,-0.7569708667616328,2022-12-19,CORRECTION
2022-12-19 06:00:00+00:00,1180.34,CORRECTION,-0.7573758091138751,2022-12-19,CRASH
2022-12-19 15:00:00+00:00,1185.43,CRASH,-0.7563295367418379,2022-12-19,CORRECTION
2022-12-20 01:00:00+00:00,1173.92,CORRECTION,-0.7586954689622992,2022-12-20,CRASH
2023-01-02 07:00:00+00:00,1201.09,RECOVERY,-0.7531105533732521,2023-01-02,CORRECTION
2023-01-09 07:00:00+00:00,1308.48,BULL,-0.731036056313709,2023-01-09,RECOVERY
2023-01-13 13:00:00+00:00,1404.69,RANGE,-0.7112596584917644,2023-01-13,BULL
2023-01-13 14:00:00+00:00,1404.74,BULL,-0.7112493807670883,2023-01-13,RANGE
2023-01-16 08:00:00+00:00,1566.56,RANGE,-0.6779865526250337,2023-01-16,BULL
2023-01-16 15:00:00+00:00,1540.41,BULL,-0.6833618026306865,2023-01-16,RANGE
2023-01-17 01:00:00+00:00,1568.48,RANGE,-0.6775918879974676,2023-01-17,BULL
2023-01-17 02:00:00+00:00,1557.8,BULL,-0.6797872099883039,2023-01-17,RANGE
2023-01-17 06:00:00+00:00,1568.64,RANGE,-0.6775589992785037,2023-01-17,BULL
2023-01-17 07:00:00+00:00,1560.9,BULL,-0.6791499910583796,2023-01-17,RANGE
2023-01-17 10:00:00+00:00,1564.8,RANGE,-0.6783483285336359,2023-01-17,BULL
2023-01-17 11:00:00+00:00,1562.77,BULL,-0.6787656041554897,2023-01-17,RANGE
2023-01-17 23:00:00+00:00,1573.93,RANGE,-0.6764716160077617,2023-01-17,BULL
2023-01-18 01:00:00+00:00,1574.0,BULL,-0.6764572271932151,2023-01-18,RANGE
2023-01-18 10:00:00+00:00,1577.81,RANGE,-0.6756740645728886,2023-01-18,BULL
2023-01-18 12:00:00+00:00,1577.24,BULL,-0.6757912306341973,2023-01-18,RANGE
2023-01-18 15:00:00+00:00,1596.03,RANGE,-0.6719288617008813,2023-01-18,BULL
2023-01-20 17:00:00+00:00,1587.61,BULL,-0.6736596305363535,2023-01-20,RANGE
2023-01-21 22:00:00+00:00,1660.96,RANGE,-0.6585822084363675,2023-01-21,BULL
2023-01-22 12:00:00+00:00,1624.15,BULL,-0.6661486693429862,2023-01-22,RANGE
2023-01-22 19:00:00+00:00,1648.04,RANGE,-0.6612379724926977,2023-01-22,BULL
2023-01-23 00:00:00+00:00,1628.81,BULL,-0.6651907854031643,2023-01-23,RANGE
2023-01-23 03:00:00+00:00,1640.91,RANGE,-0.6627035760315239,2023-01-23,BULL
2023-01-23 04:00:00+00:00,1630.51,BULL,-0.6648413427641735,2023-01-23,RANGE
2023-01-23 05:00:00+00:00,1635.33,RANGE,-0.6638505701053878,2023-01-23,BULL
2023-01-23 06:00:00+00:00,1632.12,BULL,-0.6645104000295999,2023-01-23,RANGE
2023-01-23 07:00:00+00:00,1638.23,RANGE,-0.6632544620741682,2023-01-23,BULL
2023-01-26 12:00:00+00:00,1604.33,BULL,-0.670222759404632,2023-01-26,RANGE
2023-01-26 15:00:00+00:00,1609.85,RANGE,-0.6690880986003795,2023-01-26,BULL
2023-01-29 13:00:00+00:00,1612.94,BULL,-0.6684529352153903,2023-01-29,RANGE
2023-01-30 08:00:00+00:00,1628.29,RANGE,-0.6652976737397969,2023-01-30,BULL
2023-02-01 22:00:00+00:00,1643.56,BULL,-0.6621588566236852,2023-02-01,RANGE
2023-02-02 21:00:00+00:00,1680.36,RANGE,-0.6545944512620019,2023-02-02,BULL
2023-02-03 11:00:00+00:00,1644.04,BULL,-0.6620601904667938,2023-02-03,RANGE
2023-02-03 13:00:00+00:00,1651.42,RANGE,-0.6605431983045865,2023-02-03,BULL
2023-02-03 14:00:00+00:00,1639.21,BULL,-0.6630530186705147,2023-02-03,RANGE
2023-02-04 03:00:00+00:00,1656.28,RANGE,-0.6595442034660599,2023-02-04,BULL
2023-02-04 07:00:00+00:00,1655.13,BULL,-0.6597805911336124,2023-02-04,RANGE
2023-02-04 08:00:00+00:00,1658.0,RANGE,-0.6591906497371987,2023-02-04,BULL
2023-02-04 09:00:00+00:00,1651.88,BULL,-0.6604486432375655,2023-02-04,RANGE
2023-02-04 23:00:00+00:00,1683.14,RANGE,-0.654023009770005,2023-02-04,BULL
2023-02-05 05:00:00+00:00,1664.36,BULL,-0.657883323158386,2023-02-05,RANGE
2023-02-05 09:00:00+00:00,1670.11,RANGE,-0.656701384820623,2023-02-05,BULL
2023-02-05 10:00:00+00:00,1667.24,BULL,-0.6572913262170368,2023-02-05,RANGE
2023-02-05 11:00:00+00:00,1667.47,RANGE,-0.6572440486835263,2023-02-05,BULL
2023-02-07 23:00:00+00:00,1667.71,BULL,-0.6571947156050805,2023-02-07,RANGE
2023-02-08 15:00:00+00:00,1667.98,RANGE,-0.657139215891829,2023-02-08,BULL
2023-02-13 09:00:00+00:00,1510.39,CRASH,-0.689532548526277,2023-02-13,RANGE
2023-02-13 23:00:00+00:00,1494.8,CORRECTION,-0.6927371430803163,2023-02-13,CRASH
2023-02-27 09:00:00+00:00,1636.52,RECOVERY,-0.6636059602580943,2023-02-27,CORRECTION
2023-03-06 12:00:00+00:00,1563.21,RANGE,-0.6786751601783391,2023-03-06,RECOVERY
2023-03-09 18:00:00+00:00,1528.55,CRASH,-0.685799678923881,2023-03-09,RANGE
2023-03-12 17:00:00+00:00,1479.78,CORRECTION,-0.6958245715730469,2023-03-12,CRASH
2023-03-23 18:00:00+00:00,1827.93,RECOVERY,-0.6242607746526643,2023-03-23,CORRECTION
2023-03-30 18:00:00+00:00,1770.9,RANGE,-0.6359835474183383,2023-03-30,RECOVERY
2023-03-31 03:00:00+00:00,1803.45,BULL,-0.629292748654132,2023-03-31,RANGE
2023-04-04 03:00:00+00:00,1809.19,RANGE,-0.6281128658613042,2023-04-04,BULL
2023-04-04 11:00:00+00:00,1835.61,BULL,-0.6226821161424,2023-04-04,RANGE
2023-04-06 00:00:00+00:00,1908.84,RANGE,-0.607629360581637,2023-04-06,BULL
2023-04-06 01:00:00+00:00,1898.48,BULL,-0.6097589051345457,2023-04-06,RANGE
2023-04-06 02:00:00+00:00,1900.35,RANGE,-0.6093745182316559,2023-04-06,BULL
2023-04-06 03:00:00+00:00,1894.53,BULL,-0.6105708453839656,2023-04-06,RANGE
2023-04-06 04:00:00+00:00,1897.83,RANGE,-0.6098925155553363,2023-04-06,BULL
2023-04-10 18:00:00+00:00,1898.77,BULL,-0.6096992943314238,2023-04-10,RANGE
2023-04-11 16:00:00+00:00,1915.28,RANGE,-0.6063055896433425,2023-04-11,BULL
2023-04-11 17:00:00+00:00,1901.06,BULL,-0.6092285745412538,2023-04-11,RANGE
2023-04-11 19:00:00+00:00,1904.91,RANGE,-0.6084371897411864,2023-04-11,BULL
2023-04-12 22:00:00+00:00,1917.18,BULL,-0.6059150361056468,2023-04-12,RANGE
2023-04-14 15:00:00+00:00,2069.2,RANGE,-0.5746666420001275,2023-04-14,BULL
2023-04-14 17:00:00+00:00,2071.83,BULL,-0.5741260336821593,2023-04-14,RANGE
2023-04-15 17:00:00+00:00,2105.44,RANGE,-0.5672173471548175,2023-04-15,BULL
2023-04-15 18:00:00+00:00,2095.04,BULL,-0.5693551138874672,2023-04-15,RANGE
2023-04-15 20:00:00+00:00,2098.93,RANGE,-0.5685555069076588,2023-04-15,BULL
2023-04-15 22:00:00+00:00,2093.6,BULL,-0.5696511123581417,2023-04-15,RANGE
2023-04-15 23:00:00+00:00,2096.93,RANGE,-0.5689666158947069,2023-04-15,BULL
2023-04-16 04:00:00+00:00,2088.29,BULL,-0.5707426067187542,2023-04-16,RANGE
2023-04-16 09:00:00+00:00,2097.69,RANGE,-0.5688103944796286,2023-04-16,BULL
2023-04-16 15:00:00+00:00,2089.76,BULL,-0.5704404416132739,2023-04-16,RANGE
2023-04-17 00:00:00+00:00,2120.8,RANGE,-0.5640600301342887,2023-04-17,BULL
2023-04-17 05:00:00+00:00,2099.17,BULL,-0.568506173829213,2023-04-17,RANGE
2023-04-17 06:00:00+00:00,2101.8,RANGE,-0.5679655655112449,2023-04-17,BULL
2023-04-19 23:00:00+00:00,1960.26,CRASH,-0.5970597485246326,2023-04-19,RANGE
2023-05-03 23:00:00+00:00,1903.83,RECOVERY,-0.6086591885941923,2023-05-03,CRASH
2023-05-07 23:00:00+00:00,1912.4,CRASH,-0.6068975865846915,2023-05-07,RECOVERY
2023-05-08 00:00:00+00:00,1874.51,CORRECTION,-0.6146860463443161,2023-05-08,CRASH
2023-05-08 01:00:00+00:00,1882.07,CRASH,-0.6131320543732747,2023-05-08,CORRECTION
2023-05-10 12:00:00+00:00,1849.1,CORRECTION,-0.6199091860247612,2023-05-10,CRASH
2023-05-10 14:00:00+00:00,1879.74,CRASH,-0.6136109963431856,2023-05-10,CORRECTION
2023-05-19 07:00:00+00:00,1807.1,CORRECTION,-0.6285424747527694,2023-05-19,CRASH
2023-05-23 01:00:00+00:00,1819.06,RECOVERY,-0.6260840430102222,2023-05-23,CORRECTION
2023-05-30 01:00:00+00:00,1897.57,BULL,-0.6099459597236526,2023-05-30,RECOVERY
2023-06-03 17:00:00+00:00,1899.25,RANGE,-0.6096006281745322,2023-06-03,BULL
2023-06-07 02:00:00+00:00,1880.04,BULL,-0.6135493299951283,2023-06-07,RANGE
2023-06-07 09:00:00+00:00,1874.7,RANGE,-0.6146469909905466,2023-06-07,BULL
2023-06-07 11:00:00+00:00,1858.82,BULL,-0.6179111963477079,2023-06-07,RANGE
2023-06-07 14:00:00+00:00,1862.16,RANGE,-0.6172246443393377,2023-06-07,BULL
2023-06-14 20:00:00+00:00,1713.95,CRASH,-0.6476898758245305,2023-06-14,RANGE
2023-06-16 17:00:00+00:00,1686.27,CORRECTION,-0.653379624205275,2023-06-16,CRASH
2023-06-30 04:00:00+00:00,1873.83,RECOVERY,-0.6148258233999124,2023-06-30,CORRECTION
2023-07-07 04:00:00+00:00,1858.06,RANGE,-0.6180674177627861,2023-07-07,RECOVERY
2023-07-13 16:00:00+00:00,1934.47,BULL,-0.6023609989126167,2023-07-13,RANGE
2023-07-17 16:00:00+00:00,1906.39,RANGE,-0.6081329690907707,2023-07-17,BULL
2023-07-27 09:00:00+00:00,1879.81,BULL,-0.6135966075286389,2023-07-27,RANGE
2023-07-27 14:00:00+00:00,1872.24,RANGE,-0.6151526550446157,2023-07-27,BULL
2023-08-08 19:00:00+00:00,1860.27,BULL,-0.617613142332098,2023-08-08,RANGE
2023-08-09 14:00:00+00:00,1862.13,RANGE,-0.6172308109741433,2023-08-09,BULL
2023-08-17 21:00:00+00:00,1716.6,CRASH,-0.6471451564166919,2023-08-17,RANGE
2023-09-07 22:00:00+00:00,1647.9,RECOVERY,-0.661266750121791,2023-09-07,CRASH
2023-09-11 00:00:00+00:00,1616.72,CRASH,-0.6676759392298695,2023-09-11,RECOVERY
2023-09-14 00:00:00+00:00,1607.64,CORRECTION,-0.6695423740310674,2023-09-14,CRASH
2023-09-14 01:00:00+00:00,1636.08,CRASH,-0.6636964042352448,2023-09-14,CORRECTION
2023-09-14 02:00:00+00:00,1620.56,CORRECTION,-0.6668866099747374,2023-09-14,CRASH
2023-09-14 03:00:00+00:00,1621.76,CRASH,-0.6666399445825085,2023-09-14,CORRECTION
2023-09-14 07:00:00+00:00,1618.79,CORRECTION,-0.6672504414282748,2023-09-14,CRASH
2023-09-14 08:00:00+00:00,1622.01,CRASH,-0.6665885559591275,2023-09-14,CORRECTION
2023-09-14 10:00:00+00:00,1619.34,CORRECTION,-0.6671373864568366,2023-09-14,CRASH
2023-09-27 09:00:00+00:00,1591.66,RECOVERY,-0.6728271348375812,2023-09-27,CORRECTION
2023-10-04 09:00:00+00:00,1645.85,RANGE,-0.6616881368335152,2023-10-04,RECOVERY
2023-10-16 06:00:00+00:00,1586.81,BULL,-0.6738240741311726,2023-10-16,RANGE
2023-10-20 06:00:00+00:00,1583.57,RANGE,-0.6744900706901904,2023-10-20,BULL
2023-10-20 08:00:00+00:00,1585.97,BULL,-0.6739967399057327,2023-10-20,RANGE
2023-10-21 02:00:00+00:00,1596.46,RANGE,-0.6718404732686659,2023-10-21,BULL
2023-10-21 03:00:00+00:00,1595.96,BULL,-0.6719432505154279,2023-10-21,RANGE
2023-10-22 15:00:00+00:00,1628.71,RANGE,-0.6652113408525168,2023-10-22,BULL
2023-10-22 16:00:00+00:00,1627.17,BULL,-0.6655278947725437,2023-10-22,RANGE
2023-10-24 15:00:00+00:00,1825.3,RANGE,-0.6248013829706324,2023-10-24,BULL
2023-10-24 16:00:00+00:00,1772.31,BULL,-0.6356937155824696,2023-10-24,RANGE
2023-10-24 17:00:00+00:00,1786.28,RANGE,-0.6328221193079392,2023-10-24,BULL
2023-10-24 21:00:00+00:00,1766.43,BULL,-0.6369023760043906,2023-10-24,RANGE
2023-10-25 05:00:00+00:00,1792.06,RANGE,-0.6316340143353704,2023-10-25,BULL
2023-10-25 06:00:00+00:00,1785.12,BULL,-0.633060562520427,2023-10-25,RANGE
2023-10-25 07:00:00+00:00,1788.59,RANGE,-0.6323472884278987,2023-10-25,BULL
2023-10-25 11:00:00+00:00,1781.86,BULL,-0.6337306701693153,2023-10-25,RANGE
2023-10-25 16:00:00+00:00,1805.4,RANGE,-0.6288919173917602,2023-10-25,BULL
2023-10-25 17:00:00+00:00,1787.6,BULL,-0.6325507873764875,2023-10-25,RANGE
2023-10-25 23:00:00+00:00,1783.28,RANGE,-0.6334387827885112,2023-10-25,BULL
2023-10-26 00:00:00+00:00,1786.4,BULL,-0.6327974527687162,2023-10-26,RANGE
2023-10-26 13:00:00+00:00,1823.79,RANGE,-0.6251117702558537,2023-10-26,BULL
2023-10-26 21:00:00+00:00,1797.52,BULL,-0.6305116868007293,2023-10-26,RANGE
2023-10-27 00:00:00+00:00,1803.64,RANGE,-0.6292536933003624,2023-10-27,BULL
2023-10-30 11:00:00+00:00,1814.33,BULL,-0.6270563157645909,2023-10-30,RANGE
2023-10-30 17:00:00+00:00,1811.08,RANGE,-0.6277243678685438,2023-10-30,BULL
2023-10-30 21:00:00+00:00,1801.86,BULL,-0.6296195802988352,2023-10-30,RANGE
2023-10-31 02:00:00+00:00,1811.84,RANGE,-0.6275681464534656,2023-10-31,BULL
2023-11-01 21:00:00+00:00,1858.25,BULL,-0.6180283624090165,2023-11-01,RANGE
2023-11-02 13:00:00+00:00,1836.61,RANGE,-0.622476561648876,2023-11-02,BULL
2023-11-04 04:00:00+00:00,1833.51,BULL,-0.6231137805788003,2023-11-04,RANGE
2023-11-05 21:00:00+00:00,1886.84,RANGE,-0.6121515594391651,2023-11-05,BULL
2023-11-05 22:00:00+00:00,1874.61,BULL,-0.6146654908949638,2023-11-05,RANGE
2023-11-06 04:00:00+00:00,1890.88,RANGE,-0.6113211192853282,2023-11-06,BULL
2023-11-06 07:00:00+00:00,1880.14,BULL,-0.6135287745457759,2023-11-06,RANGE
2023-11-07 00:00:00+00:00,1896.95,RANGE,-0.6100734035096375,2023-11-07,BULL
2023-11-07 01:00:00+00:00,1894.27,BULL,-0.6106242895522818,2023-11-07,RANGE
2023-11-07 02:00:00+00:00,1896.67,RANGE,-0.6101309587678242,2023-11-07,BULL
2023-11-07 04:00:00+00:00,1891.5,BULL,-0.6111936754993432,2023-11-07,RANGE
2023-11-07 07:00:00+00:00,1893.38,RANGE,-0.6108072330515181,2023-11-07,BULL
2023-11-09 03:00:00+00:00,1920.14,BULL,-0.6053065948048157,2023-11-09,RANGE
2023-11-11 01:00:00+00:00,2078.04,RANGE,-0.5728495402773752,2023-11-11,BULL
2023-11-11 13:00:00+00:00,2059.52,BULL,-0.5766564094974399,2023-11-11,RANGE
2023-11-11 20:00:00+00:00,2073.12,RANGE,-0.5738608683855134,2023-11-11,BULL
2023-11-13 17:00:00+00:00,2082.32,BULL,-0.5719697670450925,2023-11-13,RANGE
2023-11-13 21:00:00+00:00,2081.88,RANGE,-0.572060211022243,2023-11-13,BULL
2023-11-16 02:00:00+00:00,2056.72,BULL,-0.5772319620793072,2023-11-16,RANGE
2023-11-16 10:00:00+00:00,2044.1,RANGE,-0.5798260597875801,2023-11-16,BULL
2023-11-16 11:00:00+00:00,2050.86,BULL,-0.5784365114113577,2023-11-16,RANGE
2023-11-16 13:00:00+00:00,2051.92,RANGE,-0.5782186236482223,2023-11-16,BULL
2023-11-19 23:00:00+00:00,1993.71,BULL,-0.5901839507162546,2023-11-19,RANGE
2023-11-21 02:00:00+00:00,2031.22,RANGE,-0.5824736016641692,2023-11-21,BULL
2023-11-21 03:00:00+00:00,2014.11,BULL,-0.585990639048365,2023-11-21,RANGE
2023-11-21 04:00:00+00:00,2019.18,RANGE,-0.5849484777661982,2023-11-21,BULL
2023-11-22 16:00:00+00:00,2037.6,BULL,-0.581162163995486,2023-11-22,RANGE
2023-11-23 15:00:00+00:00,2061.11,RANGE,-0.5763295778527366,2023-11-23,BULL
2023-11-23 17:00:00+00:00,2054.07,BULL,-0.5777766814871457,2023-11-23,RANGE
2023-11-24 22:00:00+00:00,2087.45,RANGE,-0.5709152724933144,2023-11-24,BULL
2023-11-25 01:00:00+00:00,2080.72,BULL,-0.5722986542347309,2023-11-25,RANGE
2023-11-25 09:00:00+00:00,2085.94,RANGE,-0.5712256597785356,2023-11-25,BULL
2023-11-29 09:00:00+00:00,2069.05,BULL,-0.574697475174156,2023-11-29,RANGE
2023-11-29 10:00:00+00:00,2063.2,RANGE,-0.5758999689612715,2023-11-29,BULL
2023-12-01 03:00:00+00:00,2087.08,BULL,-0.5709913276559183,2023-12-01,RANGE
2023-12-04 15:00:00+00:00,2224.49,RANGE,-0.5427460847007847,2023-12-04,BULL
2023-12-04 16:00:00+00:00,2214.13,BULL,-0.5448756292536933,2023-12-04,RANGE
2023-12-05 07:00:00+00:00,2225.13,RANGE,-0.5426145298249292,2023-12-05,BULL
2023-12-05 15:00:00+00:00,2219.24,BULL,-0.5438252457917857,2023-12-05,RANGE
2023-12-06 11:00:00+00:00,2276.36,RANGE,-0.5320839731216944,2023-12-06,BULL
2023-12-06 12:00:00+00:00,2256.56,BULL,-0.5361539520934698,2023-12-06,RANGE
2023-12-06 13:00:00+00:00,2265.81,RANGE,-0.5342525730283727,2023-12-06,BULL
2023-12-06 16:00:00+00:00,2258.48,BULL,-0.5357592874659036,2023-12-06,RANGE
2023-12-06 20:00:00+00:00,2264.99,RANGE,-0.5344211277130625,2023-12-06,BULL
2023-12-07 16:00:00+00:00,2328.35,BULL,-0.5213971950033814,2023-12-07,RANGE
2023-12-09 11:00:00+00:00,2358.2,RANGE,-0.5152613933716899,2023-12-09,BULL
2023-12-09 12:00:00+00:00,2357.38,BULL,-0.5154299480563795,2023-12-09,RANGE
2023-12-09 14:00:00+00:00,2362.72,RANGE,-0.5143322870609613,2023-12-09,BULL
2023-12-09 15:00:00+00:00,2354.61,BULL,-0.515999334003441,2023-12-09,RANGE
2023-12-09 16:00:00+00:00,2365.84,RANGE,-0.5136909570411664,2023-12-09,BULL
2023-12-09 18:00:00+00:00,2350.82,BULL,-0.516778385533897,2023-12-09,RANGE
2023-12-09 20:00:00+00:00,2357.94,RANGE,-0.5153148375400061,2023-12-09,BULL
2023-12-11 18:00:00+00:00,2197.68,CRASH,-0.5482570006721632,2023-12-11,RANGE
2023-12-27 12:00:00+00:00,2287.84,RECOVERY,-0.5297242075360389,2023-12-27,CRASH
2024-01-03 12:00:00+00:00,2253.11,RANGE,-0.5368631150961276,2024-01-03,RECOVERY
2024-01-03 13:00:00+00:00,2230.68,CRASH,-0.5414737023858711,2024-01-03,RANGE
2024-01-26 14:00:00+00:00,2243.9,RECOVERY,-0.5387562719814837,2024-01-26,CRASH
2024-01-29 14:00:00+00:00,2246.88,CRASH,-0.5381437195907821,2024-01-29,RECOVERY
2024-02-07 16:00:00+00:00,2372.0,CORRECTION,-0.5124247413610585,2024-02-07,CRASH
2024-02-12 14:00:00+00:00,2488.78,RECOVERY,-0.4884200876073251,2024-02-12,CORRECTION
2024-02-19 14:00:00+00:00,2891.63,BULL,-0.4056124598911794,2024-02-19,RECOVERY
2024-02-23 14:00:00+00:00,2942.13,RANGE,-0.3952319579682172,2024-02-23,BULL
2024-02-24 21:00:00+00:00,2983.89,BULL,-0.3866480023186547,2024-02-24,RANGE
2024-02-26 09:00:00+00:00,3092.33,RANGE,-0.3643576730409115,2024-02-26,BULL
2024-02-26 14:00:00+00:00,3067.13,BULL,-0.3695376462777164,2024-02-26,RANGE
2024-02-28 19:00:00+00:00,3328.39,RANGE,-0.3158344792996348,2024-02-28,BULL
2024-02-28 21:00:00+00:00,3291.7,BULL,-0.3233762736670306,2024-02-28,RANGE
2024-02-29 17:00:00+00:00,3447.15,RANGE,-0.2914228276487238,2024-02-29,BULL
2024-03-01 08:00:00+00:00,3369.81,BULL,-0.3073204121778705,2024-03-01,RANGE
2024-03-01 15:00:00+00:00,3422.84,RANGE,-0.2964198573862924,2024-03-01,BULL
2024-03-01 17:00:00+00:00,3392.53,BULL,-0.302650214085005,2024-03-01,RANGE
2024-03-02 08:00:00+00:00,3436.33,RANGE,-0.2936469272686536,2024-03-02,BULL
2024-03-02 12:00:00+00:00,3413.37,BULL,-0.2983664584399648,2024-03-02,RANGE
2024-03-02 13:00:00+00:00,3420.79,RANGE,-0.2968412440980166,2024-03-02,BULL
2024-03-02 15:00:00+00:00,3419.47,BULL,-0.2971125760294684,2024-03-02,RANGE
2024-03-02 17:00:00+00:00,3431.21,RANGE,-0.2946993662754965,2024-03-02,BULL
2024-03-02 18:00:00+00:00,3421.59,BULL,-0.2966768005031974,2024-03-02,RANGE
2024-03-02 20:00:00+00:00,3432.49,RANGE,-0.2944362565237858,2024-03-02,BULL
2024-03-03 18:00:00+00:00,3467.72,BULL,-0.2871945717169351,2024-03-03,RANGE
2024-03-05 18:00:00+00:00,3675.11,RANGE,-0.2445646253049915,2024-03-05,BULL
2024-03-06 05:00:00+00:00,3665.0,BULL,-0.2466427812345192,2024-03-06,RANGE
2024-03-07 03:00:00+00:00,3793.97,RANGE,-0.2201324182047282,2024-03-07,BULL
2024-03-07 04:00:00+00:00,3768.76,BULL,-0.2253144469864683,2024-03-07,RANGE
2024-03-07 05:00:00+00:00,3790.76,RANGE,-0.2207922481289402,2024-03-07,BULL
2024-03-07 07:00:00+00:00,3778.91,BULL,-0.2232280688771997,2024-03-07,RANGE
2024-03-08 22:00:00+00:00,3918.23,RANGE,-0.1945902168394352,2024-03-08,BULL
2024-03-09 00:00:00+00:00,3890.0,BULL,-0.2003930201916179,2024-03-09,RANGE
2024-03-09 10:00:00+00:00,3925.37,RANGE,-0.1931225577556738,2024-03-09,BULL
2024-03-09 11:00:00+00:00,3923.4,BULL,-0.1935275001079161,2024-03-09,RANGE
2024-03-09 14:00:00+00:00,3928.6,RANGE,-0.1924586167415913,2024-03-09,BULL
2024-03-09 15:00:00+00:00,3918.5,BULL,-0.1945347171261837,2024-03-09,RANGE
2024-03-09 16:00:00+00:00,3917.01,RANGE,-0.1948409933215345,2024-03-09,BULL
2024-03-10 00:00:00+00:00,3910.47,BULL,-0.1961853197091816,2024-03-10,RANGE
2024-03-10 13:00:00+00:00,3934.2,RANGE,-0.1913075115778569,2024-03-10,BULL
2024-03-11 10:00:00+00:00,4034.55,BULL,-0.1706801181527229,2024-03-11,RANGE
2024-03-12 08:00:00+00:00,4023.56,RANGE,-0.1729391620365517,2024-03-12,BULL
2024-03-12 11:00:00+00:00,4007.84,BULL,-0.176170478674749,2024-03-12,RANGE
2024-03-12 14:00:00+00:00,4033.72,RANGE,-0.1708507283823479,2024-03-12,BULL
2024-03-13 05:00:00+00:00,4039.76,BULL,-0.1696091792414628,2024-03-13,RANGE
2024-03-13 12:00:00+00:00,4050.0,RANGE,-0.167504301227777,2024-03-13,BULL
2024-03-15 04:00:00+00:00,3702.12,CRASH,-0.2390125984349081,2024-03-15,RANGE
2024-03-31 05:00:00+00:00,3544.86,RECOVERY,-0.2713380980864932,2024-03-31,CRASH
2024-04-05 02:00:00+00:00,3292.17,CRASH,-0.3232796630550743,2024-04-05,RECOVERY
2024-04-08 08:00:00+00:00,3488.0,CORRECTION,-0.2830259265882682,2024-04-08,CRASH
2024-04-09 14:00:00+00:00,3601.99,CRASH,-0.2595947698714668,2024-04-09,CORRECTION
2024-04-11 07:00:00+00:00,3583.63,CORRECTION,-0.2633687503725676,2024-04-11,CRASH
2024-04-11 10:00:00+00:00,3582.14,CRASH,-0.2636750265679183,2024-04-11,CORRECTION
2024-04-12 11:00:00+00:00,3535.9,CORRECTION,-0.2731798663484683,2024-04-12,CRASH
2024-04-12 12:00:00+00:00,3526.61,CRASH,-0.2750894675933063,2024-04-12,CORRECTION
2024-04-19 07:00:00+00:00,3115.57,RECOVERY,-0.3595805866114136,2024-04-19,CRASH
2024-04-24 15:00:00+00:00,3203.43,CRASH,-0.3415205688103945,2024-04-24,RECOVERY
2024-04-28 02:00:00+00:00,3262.64,CORRECTION,-0.3293496872488382,2024-04-28,CRASH
2024-04-28 23:00:00+00:00,3275.97,CRASH,-0.3266096458501632,2024-04-28,CORRECTION
2024-04-29 00:00:00+00:00,3269.77,CORRECTION,-0.327884083710012,2024-04-29,CRASH
2024-04-29 02:00:00+00:00,3276.13,CRASH,-0.3265767571311992,2024-04-29,CORRECTION
2024-05-13 07:00:00+00:00,2932.51,CORRECTION,-0.3972093921959181,2024-05-13,CRASH
2024-05-13 08:00:00+00:00,2967.91,RECOVERY,-0.3899327631251684,2024-05-13,CORRECTION
2024-05-16 20:00:00+00:00,2945.06,CRASH,-0.3946296833021919,2024-05-16,RECOVERY
2024-05-16 23:00:00+00:00,2935.99,CORRECTION,-0.3964940625584546,2024-05-16,CRASH
2024-06-02 00:00:00+00:00,3813.17,RECOVERY,-0.2161857719290673,2024-06-02,CORRECTION
2024-06-09 00:00:00+00:00,3680.05,RANGE,-0.2435491861069829,2024-06-09,RECOVERY
2024-06-11 15:00:00+00:00,3509.61,CRASH,-0.2785838939832144,2024-06-11,RANGE
2024-06-11 18:00:00+00:00,3473.8,CORRECTION,-0.2859448003963091,2024-06-11,CRASH
2024-06-12 01:00:00+00:00,3492.77,CRASH,-0.2820454316541587,2024-06-12,CORRECTION
2024-06-12 02:00:00+00:00,3477.34,CORRECTION,-0.2852171374892341,2024-06-12,CRASH
2024-06-13 15:00:00+00:00,3495.87,CRASH,-0.2814082127242343,2024-06-13,CORRECTION
2024-06-14 01:00:00+00:00,3468.43,CORRECTION,-0.2870486280265331,2024-06-14,CRASH
2024-06-14 15:00:00+00:00,3480.07,CRASH,-0.2846559737219135,2024-06-14,CORRECTION
2024-06-14 21:00:00+00:00,3414.25,CORRECTION,-0.2981855704856636,2024-06-14,CRASH
2024-06-14 22:00:00+00:00,3478.93,CRASH,-0.284890305844531,2024-06-14,CORRECTION
2024-06-15 00:00:00+00:00,3483.03,CORRECTION,-0.2840475324210825,2024-06-15,CRASH
2024-06-15 01:00:00+00:00,3495.86,CRASH,-0.2814102682691695,2024-06-15,CORRECTION
2024-06-15 03:00:00+00:00,3491.41,CORRECTION,-0.2823249857653514,2024-06-15,CRASH
2024-06-18 00:00:00+00:00,3511.94,CRASH,-0.2781049520133035,2024-06-18,CORRECTION
2024-06-19 00:00:00+00:00,3482.48,CORRECTION,-0.2841605873925207,2024-06-19,CRASH
2024-06-21 07:00:00+00:00,3514.17,CRASH,-0.2776465654927449,2024-06-21,CORRECTION
2024-06-21 09:00:00+00:00,3453.74,CORRECTION,-0.2900682235364007,2024-06-21,CRASH
2024-06-21 13:00:00+00:00,3482.62,CRASH,-0.2841318097634274,2024-06-21,CORRECTION
2024-06-21 14:00:00+00:00,3466.98,CORRECTION,-0.2873466820421428,2024-06-21,CRASH
2024-06-21 17:00:00+00:00,3486.68,CRASH,-0.2832972585197199,2024-06-21,CORRECTION
2024-06-21 18:00:00+00:00,3478.04,CORRECTION,-0.2850732493437673,2024-06-21,CRASH
2024-06-22 08:00:00+00:00,3488.39,CRASH,-0.2829457603357939,2024-06-22,CORRECTION
2024-06-22 09:00:00+00:00,3484.56,CORRECTION,-0.2837330340459908,2024-06-22,CRASH
2024-06-23 14:00:00+00:00,3494.55,CRASH,-0.2816795446556859,2024-06-23,CORRECTION
2024-06-27 12:00:00+00:00,3408.44,RECOVERY,-0.2993798420930381,2024-06-27,CRASH
2024-07-02 14:00:00+00:00,3434.96,CRASH,-0.2939285369247815,2024-07-02,RECOVERY
2024-07-02 17:00:00+00:00,3410.69,CORRECTION,-0.2989173444826091,2024-07-02,CRASH
2024-07-02 19:00:00+00:00,3422.15,CRASH,-0.296561689986824,2024-07-02,CORRECTION
2024-07-02 20:00:00+00:00,3408.28,CORRECTION,-0.2994127308120019,2024-07-02,CRASH
2024-07-03 01:00:00+00:00,3415.83,CRASH,-0.2978607943858957,2024-07-03,CORRECTION
2024-07-13 22:00:00+00:00,3165.24,CORRECTION,-0.3493706949180763,2024-07-13,CRASH
2024-07-13 23:00:00+00:00,3192.49,CRASH,-0.3437693349695472,2024-07-13,CORRECTION
2024-07-14 04:00:00+00:00,3174.36,CORRECTION,-0.3474960379371373,2024-07-14,CRASH
2024-07-14 13:00:00+00:00,3193.09,CRASH,-0.3436460022734327,2024-07-14,CORRECTION
2024-07-14 14:00:00+00:00,3181.37,CORRECTION,-0.3460551009375341,2024-07-14,CRASH
2024-07-14 18:00:00+00:00,3191.13,CRASH,-0.3440488890807398,2024-07-14,CORRECTION
2024-07-14 19:00:00+00:00,3188.29,CORRECTION,-0.344632663842348,2024-07-14,CRASH
2024-07-16 15:00:00+00:00,3419.39,RECOVERY,-0.2971290203889503,2024-07-16,CORRECTION
2024-07-23 15:00:00+00:00,3476.04,RANGE,-0.2854843583308153,2024-07-23,RECOVERY
2024-07-25 02:00:00+00:00,3205.86,CRASH,-0.3410210713911311,2024-07-25,RANGE
2024-08-08 16:00:00+00:00,2527.25,RECOVERY,-0.4805124062414567,2024-08-08,CRASH
2024-08-11 20:00:00+00:00,2584.31,CRASH,-0.4687834668409769,2024-08-11,RECOVERY
2024-08-25 21:00:00+00:00,2771.04,RECOVERY,-0.4304002762652393,2024-08-25,CRASH
2024-08-30 14:00:00+00:00,2529.87,CRASH,-0.4799738534684238,2024-08-30,RECOVERY
2024-09-04 16:00:00+00:00,2456.67,CORRECTION,-0.495020442394381,2024-09-04,CRASH
2024-09-04 17:00:00+00:00,2473.19,CRASH,-0.4916246821613644,2024-09-04,CORRECTION
2024-09-13 15:00:00+00:00,2370.18,RECOVERY,-0.5127988505392723,2024-09-13,CRASH
2024-09-16 15:00:00+00:00,2278.76,CRASH,-0.5315906423372369,2024-09-16,RECOVERY
2024-09-20 03:00:00+00:00,2459.28,CORRECTION,-0.4944839451662833,2024-09-20,CRASH
2024-10-02 18:00:00+00:00,2435.39,CRASH,-0.4993946420165718,2024-10-02,CORRECTION
2024-10-03 03:00:00+00:00,2387.73,CORRECTION,-0.509191369177926,2024-10-03,CRASH
2024-10-03 05:00:00+00:00,2393.48,CRASH,-0.5080094308401629,2024-10-03,CORRECTION
2024-10-04 12:00:00+00:00,2382.91,CORRECTION,-0.5101821418367117,2024-10-04,CRASH
2024-10-04 13:00:00+00:00,2388.05,CRASH,-0.5091255917399983,2024-10-04,CORRECTION
2024-10-04 15:00:00+00:00,2377.67,CORRECTION,-0.5112592473827774,2024-10-04,CRASH
2024-10-04 20:00:00+00:00,2427.59,RECOVERY,-0.500997967066059,2024-10-04,CORRECTION
2024-10-09 20:00:00+00:00,2413.66,CRASH,-0.5038613411608485,2024-10-09,RECOVERY
2024-10-10 03:00:00+00:00,2392.25,CORRECTION,-0.5082622628671974,2024-10-10,CRASH
2024-10-10 04:00:00+00:00,2393.84,CRASH,-0.5079354312224943,2024-10-10,CORRECTION
2024-10-10 05:00:00+00:00,2392.58,CORRECTION,-0.5081944298843345,2024-10-10,CRASH
2024-10-10 08:00:00+00:00,2394.74,CRASH,-0.5077504321783227,2024-10-10,CORRECTION
2024-10-10 10:00:00+00:00,2389.27,CORRECTION,-0.508874815257899,2024-10-10,CRASH
2024-10-10 12:00:00+00:00,2402.77,CRASH,-0.506099829595325,2024-10-10,CORRECTION
2024-10-10 15:00:00+00:00,2383.03,CORRECTION,-0.5101574752974888,2024-10-10,CRASH
2024-10-10 16:00:00+00:00,2411.3,CRASH,-0.5043464497655651,2024-10-10,CORRECTION
2024-10-11 01:00:00+00:00,2385.21,CORRECTION,-0.5097093665016065,2024-10-11,CRASH
2024-10-28 09:00:00+00:00,2511.54,RECOVERY,-0.4837416673347188,2024-10-28,CORRECTION
2024-11-04 09:00:00+00:00,2456.13,RANGE,-0.4951314418208839,2024-11-04,RECOVERY
2024-11-04 16:00:00+00:00,2436.05,CRASH,-0.4992589760508459,2024-11-04,RANGE
2024-11-04 17:00:00+00:00,2408.04,CORRECTION,-0.5050165574144534,2024-11-04,CRASH
2024-11-04 21:00:00+00:00,2422.23,CRASH,-0.5020997391513478,2024-11-04,CORRECTION
2024-11-05 03:00:00+00:00,2408.29,CORRECTION,-0.5049651687910724,2024-11-05,CRASH
2024-11-05 19:00:00+00:00,2454.77,CRASH,-0.4954109959320766,2024-11-05,CORRECTION
2024-11-05 20:00:00+00:00,2419.99,CORRECTION,-0.5025601812168415,2024-11-05,CRASH
2024-11-05 21:00:00+00:00,2422.7,CRASH,-0.5020031285393916,2024-11-05,CORRECTION
2024-11-05 22:00:00+00:00,2417.46,CORRECTION,-0.5030802340854572,2024-11-05,CRASH
2024-11-18 16:00:00+00:00,3140.14,RECOVERY,-0.3545301127055288,2024-11-18,CORRECTION
2024-11-25 16:00:00+00:00,3545.92,BULL,-0.2711202103233578,2024-11-25,RECOVERY
2024-11-29 18:00:00+00:00,3594.69,RANGE,-0.261095317674192,2024-11-29,BULL
2024-11-29 19:00:00+00:00,3568.02,BULL,-0.2665774560164773,2024-11-29,RANGE
2024-12-01 02:00:00+00:00,3708.44,RANGE,-0.2377134940358364,2024-12-01,BULL
2024-12-01 03:00:00+00:00,3671.17,BULL,-0.2453745100094761,2024-12-01,RANGE
2024-12-01 20:00:00+00:00,3699.38,RANGE,-0.2395758177471638,2024-12-01,BULL
2024-12-01 21:00:00+00:00,3692.68,BULL,-0.2409530328537747,2024-12-01,RANGE
2024-12-02 03:00:00+00:00,3756.51,RANGE,-0.2278324895321374,2024-12-02,BULL
2024-12-04 08:00:00+00:00,3712.56,BULL,-0.2368666095225175,2024-12-04,RANGE
2024-12-05 19:00:00+00:00,3872.59,RANGE,-0.2039717239238708,2024-12-05,BULL
2024-12-05 21:00:00+00:00,3834.6,BULL,-0.2117807391328479,2024-12-05,RANGE
2024-12-05 22:00:00+00:00,3861.51,RANGE,-0.2062492677121168,2024-12-05,BULL
2024-12-06 00:00:00+00:00,3790.41,BULL,-0.2208641922016737,2024-12-06,RANGE
2024-12-06 10:00:00+00:00,3863.51,RANGE,-0.2058381587250688,2024-12-06,BULL
2024-12-06 11:00:00+00:00,3876.14,BULL,-0.2032420054718607,2024-12-06,RANGE
2024-12-06 12:00:00+00:00,3878.3,RANGE,-0.2027980077658487,2024-12-06,BULL
2024-12-06 13:00:00+00:00,3847.56,BULL,-0.2091167528967767,2024-12-06,RANGE
2024-12-08 03:00:00+00:00,4002.74,RANGE,-0.1772188065917216,2024-12-08,BULL
2024-12-08 12:00:00+00:00,3969.42,BULL,-0.1840678823159414,2024-12-08,RANGE
2024-12-08 14:00:00+00:00,3993.43,RANGE,-0.1791325189264301,2024-12-08,BULL
2024-12-08 15:00:00+00:00,3974.98,BULL,-0.1829249993319479,2024-12-08,RANGE
2024-12-08 18:00:00+00:00,3986.65,RANGE,-0.1805261783925227,2024-12-08,BULL
2024-12-08 23:00:00+00:00,4001.7,BULL,-0.1774325832649865,2024-12-08,RANGE
2024-12-09 00:00:00+00:00,4000.42,RANGE,-0.1776956930166972,2024-12-09,BULL
2024-12-09 21:00:00+00:00,3561.45,CRASH,-0.26792794903893,2024-12-09,RANGE
2024-12-23 22:00:00+00:00,3418.72,RECOVERY,-0.2972667418996114,2024-12-23,CRASH
2024-12-26 22:00:00+00:00,3334.61,CRASH,-0.3145559303499154,2024-12-26,RECOVERY
2025-01-03 18:00:00+00:00,3576.56,CORRECTION,-0.2648220206417823,2025-01-03,CRASH
2025-01-04 01:00:00+00:00,3594.99,CRASH,-0.2610336513261349,2025-01-04,CORRECTION
2025-01-04 06:00:00+00:00,3596.09,CORRECTION,-0.2608075413832584,2025-01-04,CRASH
2025-01-04 07:00:00+00:00,3597.51,CRASH,-0.2605156540024543,2025-01-04,CORRECTION
2025-01-04 11:00:00+00:00,3585.07,CORRECTION,-0.2630727519018929,2025-01-04,CRASH
2025-01-07 14:00:00+00:00,3637.96,CRASH,-0.2522009747394083,2025-01-07,CORRECTION
2025-01-13 00:00:00+00:00,3272.98,RECOVERY,-0.3272242537857999,2025-01-13,CRASH
2025-01-18 10:00:00+00:00,3274.6,CRASH,-0.326891255506291,2025-01-18,RECOVERY
2025-01-18 11:00:00+00:00,3259.86,CORRECTION,-0.3299211287408348,2025-01-18,CRASH
2025-01-18 16:00:00+00:00,3311.49,CRASH,-0.3193083502401905,2025-01-18,CORRECTION
2025-01-18 19:00:00+00:00,3261.39,CORRECTION,-0.3296066303657431,2025-01-18,CRASH
2025-01-18 20:00:00+00:00,3285.4,CRASH,-0.3246712669762318,2025-01-18,CORRECTION
2025-01-18 21:00:00+00:00,3266.6,CORRECTION,-0.3285356914544831,2025-01-18,CRASH
2025-01-19 08:00:00+00:00,3266.0,CRASH,-0.3286590241505975,2025-01-19,CORRECTION
2025-01-19 13:00:00+00:00,3212.45,CORRECTION,-0.339666467278808,2025-01-19,CRASH
2025-01-19 21:00:00+00:00,3338.15,CRASH,-0.3138282674428405,2025-01-19,CORRECTION
2025-01-20 05:00:00+00:00,3278.89,CORRECTION,-0.326009426729073,2025-01-20,CRASH
2025-01-21 00:00:00+00:00,3265.73,CRASH,-0.328714523863849,2025-01-21,CORRECTION
2025-01-21 09:00:00+00:00,3255.54,CORRECTION,-0.3308091241528585,2025-01-21,CRASH
2025-01-22 18:00:00+00:00,3283.47,CRASH,-0.3250679871487331,2025-01-22,CORRECTION
2025-01-23 14:00:00+00:00,3228.14,CORRECTION,-0.3364413172754164,2025-01-23,CRASH
2025-01-23 15:00:00+00:00,3281.98,CRASH,-0.3253742633440838,2025-01-23,CORRECTION
2025-01-23 22:00:00+00:00,3260.93,CORRECTION,-0.3297011854327642,2025-01-23,CRASH
2025-01-26 23:00:00+00:00,3282.55,CRASH,-0.3252570972827751,2025-01-26,CORRECTION
2025-01-30 14:00:00+00:00,3253.18,CORRECTION,-0.3312942327575753,2025-01-30,CRASH
2025-01-30 15:00:00+00:00,3266.01,CRASH,-0.3286569686056622,2025-01-30,CORRECTION
2025-01-30 16:00:00+00:00,3259.2,CORRECTION,-0.3300567947065607,2025-01-30,CRASH
2025-01-30 20:00:00+00:00,3267.11,CRASH,-0.3284308586627858,2025-01-30,CORRECTION
2025-01-31 00:00:00+00:00,3257.66,CORRECTION,-0.3303733486265877,2025-01-31,CRASH
2025-01-31 02:00:00+00:00,3272.87,CRASH,-0.3272468647800876,2025-01-31,CORRECTION
2025-01-31 10:00:00+00:00,3263.69,CORRECTION,-0.3291338550306379,2025-01-31,CRASH
2025-02-01 08:00:00+00:00,3282.08,CRASH,-0.3253537078947315,2025-02-01,CORRECTION
2025-02-06 02:00:00+00:00,2795.09,RECOVERY,-0.4254566906959869,2025-02-06,CRASH
2025-02-09 21:00:00+00:00,2637.06,CRASH,-0.4579404673075856,2025-02-09,RECOVERY
2025-02-23 21:00:00+00:00,2803.7,RECOVERY,-0.4236868665067453,2025-02-23,CRASH
2025-02-26 21:00:00+00:00,2327.9,CRASH,-0.5214896945254672,2025-02-26,RECOVERY
2025-03-14 14:00:00+00:00,1899.89,RECOVERY,-0.6094690732986768,2025-03-14,CRASH
2025-03-18 13:00:00+00:00,1894.18,CRASH,-0.6106427894566989,2025-03-18,RECOVERY
2025-04-01 13:00:00+00:00,1865.87,RECOVERY,-0.6164620371683636,2025-04-01,CRASH
2025-04-05 13:00:00+00:00,1795.3,CRASH,-0.6309680177763526,2025-04-05,RECOVERY
2025-04-19 17:00:00+00:00,1602.53,RECOVERY,-0.6705927574929752,2025-04-19,CRASH
2025-04-24 08:00:00+00:00,1760.31,CRASH,-0.6381603695047576,2025-04-24,RECOVERY
2025-04-25 14:00:00+00:00,1773.1,CORRECTION,-0.6355313275325856,2025-04-25,CRASH
2025-04-25 17:00:00+00:00,1806.04,CRASH,-0.6287603625159048,2025-04-25,CORRECTION
2025-04-25 18:00:00+00:00,1791.96,CORRECTION,-0.6316545697847228,2025-04-25,CRASH
2025-04-25 23:00:00+00:00,1796.24,CRASH,-0.6307747965524401,2025-04-25,CORRECTION
2025-04-26 00:00:00+00:00,1792.89,CORRECTION,-0.6314634041057454,2025-04-26,CRASH
2025-05-08 08:00:00+00:00,1930.32,RECOVERY,-0.6032140500607415,2025-05-08,CORRECTION
2025-05-15 08:00:00+00:00,2546.32,RANGE,-0.4765924820499538,2025-05-15,RECOVERY
2025-05-16 12:00:00+00:00,2619.95,BULL,-0.4614575046917814,2025-05-16,RANGE
2025-05-19 04:00:00+00:00,2395.25,CRASH,-0.5076455993866255,2025-05-19,BULL
2025-05-19 05:00:00+00:00,2361.99,CORRECTION,-0.5144823418412339,2025-05-19,CRASH
2025-05-19 06:00:00+00:00,2375.85,CRASH,-0.5116333565609912,2025-05-19,CORRECTION
2025-05-19 07:00:00+00:00,2363.61,CORRECTION,-0.5141493435617249,2025-05-19,CRASH
2025-06-02 21:00:00+00:00,2545.53,RECOVERY,-0.4767548700998378,2025-06-02,CORRECTION
2025-06-05 21:00:00+00:00,2418.59,CRASH,-0.5028479575077751,2025-06-05,RECOVERY
2025-06-06 03:00:00+00:00,2431.88,CORRECTION,-0.500116138288841,2025-06-06,CRASH
2025-06-13 01:00:00+00:00,2506.88,CRASH,-0.4846995512745407,2025-06-13,CORRECTION
2025-06-13 06:00:00+00:00,2509.29,CORRECTION,-0.4842041649451478,2025-06-13,CRASH
2025-06-13 08:00:00+00:00,2529.65,CRASH,-0.480019075456999,2025-06-13,CORRECTION
2025-06-13 10:00:00+00:00,2514.56,CORRECTION,-0.4831208927642763,2025-06-13,CRASH
2025-06-14 15:00:00+00:00,2532.23,CRASH,-0.4794887448637071,2025-06-14,CORRECTION
2025-06-14 21:00:00+00:00,2508.19,CORRECTION,-0.4844302748880242,2025-06-14,CRASH
2025-06-15 08:00:00+00:00,2528.53,CRASH,-0.4802492964897459,2025-06-15,CORRECTION
2025-06-15 12:00:00+00:00,2518.26,CORRECTION,-0.4823603411382374,2025-06-15,CRASH
2025-06-15 20:00:00+00:00,2534.41,CRASH,-0.4790406360678248,2025-06-15,CORRECTION
2025-06-15 22:00:00+00:00,2530.95,CORRECTION,-0.4797518546154179,2025-06-15,CRASH
2025-06-17 15:00:00+00:00,2529.87,CRASH,-0.4799738534684238,2025-06-17,CORRECTION
2025-06-17 19:00:00+00:00,2509.88,CORRECTION,-0.4840828877939686,2025-06-17,CRASH
2025-06-17 20:00:00+00:00,2531.88,CRASH,-0.4795606889364405,2025-06-17,CORRECTION
2025-06-18 00:00:00+00:00,2515.65,CORRECTION,-0.4828968383663351,2025-06-18,CRASH
2025-06-18 01:00:00+00:00,2530.84,CRASH,-0.4797744656097055,2025-06-18,CORRECTION
2025-06-18 03:00:00+00:00,2515.0,CORRECTION,-0.4830304487871257,2025-06-18,CRASH
2025-06-18 10:00:00+00:00,2521.79,CRASH,-0.4816347337760978,2025-06-18,CORRECTION
2025-06-18 20:00:00+00:00,2492.65,CORRECTION,-0.4876245917173872,2025-06-18,CRASH
2025-06-19 01:00:00+00:00,2516.17,CRASH,-0.4827899500297026,2025-06-19,CORRECTION
2025-06-19 03:00:00+00:00,2519.73,CORRECTION,-0.4820581760327572,2025-06-19,CRASH
2025-06-19 05:00:00+00:00,2524.13,CRASH,-0.4811537362612516,2025-06-19,CORRECTION
2025-06-19 09:00:00+00:00,2527.2,CORRECTION,-0.4805226839661329,2025-06-19,CRASH
2025-06-19 13:00:00+00:00,2524.73,CRASH,-0.4810304035651371,2025-06-19,CORRECTION
2025-06-20 00:00:00+00:00,2522.24,CORRECTION,-0.481542234254012,2025-06-20,CRASH
2025-06-20 02:00:00+00:00,2526.98,CRASH,-0.4805679059547081,2025-06-20,CORRECTION
2025-06-20 07:00:00+00:00,2522.47,RECOVERY,-0.4814949567205014,2025-06-20,CRASH
2025-06-27 00:00:00+00:00,2419.21,CRASH,-0.5027205137217903,2025-06-27,RECOVERY
2025-07-02 16:00:00+00:00,2506.6,CORRECTION,-0.4847571065327274,2025-07-02,CRASH
2025-07-04 14:00:00+00:00,2523.77,CRASH,-0.4812277358789202,2025-07-04,CORRECTION
2025-07-05 06:00:00+00:00,2520.02,CORRECTION,-0.4819985652296352,2025-07-05,CRASH
2025-07-05 07:00:00+00:00,2528.36,CRASH,-0.480284240753645,2025-07-05,CORRECTION
2025-07-06 13:00:00+00:00,2518.78,CORRECTION,-0.482253452801605,2025-07-06,CRASH
2025-07-07 16:00:00+00:00,2538.01,CRASH,-0.4783006398911383,2025-07-07,CORRECTION
2025-07-07 17:00:00+00:00,2518.87,CORRECTION,-0.4822349528971879,2025-07-07,CRASH
2025-07-11 00:00:00+00:00,2952.41,RECOVERY,-0.3931188577747904,2025-07-11,CORRECTION
2025-07-18 00:00:00+00:00,3485.82,BULL,-0.2834740353841505,2025-07-18,RECOVERY
2025-07-22 00:00:00+00:00,3759.84,RANGE,-0.2271479930687025,2025-07-22,BULL
2025-07-22 01:00:00+00:00,3730.0,BULL,-0.2332817391554588,2025-07-22,RANGE
2025-07-22 02:00:00+00:00,3785.13,RANGE,-0.2219495199274804,2025-07-22,BULL
2025-07-24 21:00:00+00:00,3743.04,BULL,-0.2306013085599058,2025-07-24,RANGE
2025-07-25 00:00:00+00:00,3688.36,RANGE,-0.2418410282657984,2025-07-25,BULL
2025-07-25 01:00:00+00:00,3656.9,BULL,-0.2483077726320636,2025-07-25,RANGE
2025-07-25 02:00:00+00:00,3680.94,RANGE,-0.2433662426077465,2025-07-25,BULL
2025-07-26 02:00:00+00:00,3710.45,BULL,-0.2373003295038532,2025-07-26,RANGE
2025-07-28 13:00:00+00:00,3863.71,RANGE,-0.205797047826364,2025-07-28,BULL
2025-07-31 06:00:00+00:00,3859.62,BULL,-0.2066377657048772,2025-07-31,RANGE
2025-07-31 13:00:00+00:00,3822.98,RANGE,-0.2141692823475968,2025-07-31,BULL
2025-08-02 15:00:00+00:00,3482.45,CRASH,-0.2841667540273265,2025-08-02,RANGE
2025-08-02 16:00:00+00:00,3460.53,CORRECTION,-0.2886725085253726,2025-08-02,CRASH
2025-08-02 17:00:00+00:00,3475.3,CRASH,-0.285636468656023,2025-08-02,CORRECTION
2025-08-03 08:00:00+00:00,3458.05,CORRECTION,-0.2891822836693121,2025-08-03,CRASH
2025-08-17 10:00:00+00:00,4542.3,RECOVERY,-0.066309824065909,2025-08-17,CORRECTION
2025-08-24 10:00:00+00:00,4772.25,RANGE,-0.0221781009693698,2025-08-24,RECOVERY
2025-08-24 11:00:00+00:00,4743.76,BULL,-0.0280156295781775,2025-08-24,RANGE
2025-08-25 18:00:00+00:00,4576.01,CRASH,-0.0754750908157863,2025-08-25,BULL
2025-09-09 06:00:00+00:00,4325.66,RECOVERY,-0.1260551400320835,2025-09-09,CRASH
2025-09-16 06:00:00+00:00,4531.32,RANGE,-0.0845041397451905,2025-09-16,RECOVERY
2025-09-18 03:00:00+00:00,4618.64,BULL,-0.0668622388162227,2025-09-18,RANGE
2025-09-22 00:00:00+00:00,4453.56,CRASH,-0.1002145636599468,2025-09-22,BULL
2025-09-24 14:00:00+00:00,4166.8,CORRECTION,-0.1581507925925027,2025-09-24,CRASH
2025-09-24 15:00:00+00:00,4192.99,CRASH,-0.15285943453788,2025-09-24,CORRECTION
2025-09-29 14:00:00+00:00,4179.05,CORRECTION,-0.1556758351213638,2025-09-29,CRASH
2025-09-29 15:00:00+00:00,4197.53,CRASH,-0.1519421849934742,2025-09-29,CORRECTION
2025-09-29 19:00:00+00:00,4169.55,CORRECTION,-0.1575951898949001,2025-09-29,CRASH
2025-09-30 05:00:00+00:00,4190.15,CRASH,-0.1534332205964951,2025-09-30,CORRECTION
2025-09-30 06:00:00+00:00,4184.01,CORRECTION,-0.1546737298922332,2025-09-30,CRASH
2025-09-30 07:00:00+00:00,4204.0,CRASH,-0.1506350033740236,2025-09-30,CORRECTION
2025-09-30 20:00:00+00:00,4154.81,CORRECTION,-0.1605732203540501,2025-09-30,CRASH
2025-09-30 21:00:00+00:00,4199.75,CRASH,-0.1514936620885004,2025-09-30,CORRECTION
2025-10-01 08:00:00+00:00,4150.42,CORRECTION,-0.1614601642967686,2025-10-01,CRASH
2025-10-06 06:00:00+00:00,4539.79,RECOVERY,-0.0827928834365744,2025-10-06,CORRECTION
2025-10-10 15:00:00+00:00,4255.15,CRASH,-0.1403007931986148,2025-10-10,RECOVERY
2025-10-13 01:00:00+00:00,4136.38,CORRECTION,-0.1642967686147107,2025-10-13,CRASH
2025-10-13 02:00:00+00:00,4179.41,CRASH,-0.155603101677314,2025-10-13,CORRECTION
2025-10-13 07:00:00+00:00,4168.5,CORRECTION,-0.157807329106712,2025-10-13,CRASH
2025-10-13 08:00:00+00:00,4177.91,CRASH,-0.1559061576941882,2025-10-13,CORRECTION
2025-10-13 17:00:00+00:00,4176.64,CORRECTION,-0.1561627451218082,2025-10-13,CRASH
2025-10-14 02:00:00+00:00,4204.9,CRASH,-0.1504531697638992,2025-10-14,CORRECTION
2025-10-15 08:00:00+00:00,4132.65,CORRECTION,-0.1650503679100045,2025-10-15,CRASH
2025-10-15 09:00:00+00:00,4186.66,CRASH,-0.1541383309290889,2025-10-15,CORRECTION
2025-10-24 21:00:00+00:00,3936.49,RECOVERY,-0.2046820134233612,2025-10-24,CRASH
2025-10-28 05:00:00+00:00,4101.79,CRASH,-0.1712852403638288,2025-10-28,RECOVERY
2025-11-13 08:00:00+00:00,3544.35,RECOVERY,-0.2839089377280496,2025-11-13,CRASH
2025-11-16 15:00:00+00:00,3166.9,CRASH,-0.3601679334408171,2025-11-16,RECOVERY
2025-11-30 16:00:00+00:00,3032.29,RECOVERY,-0.3873641803951042,2025-11-30,CRASH
2025-12-05 16:00:00+00:00,3093.55,CRASH,-0.3749873726659635,2025-12-05,RECOVERY
2025-12-09 15:00:00+00:00,3144.63,CORRECTION,-0.3646673051046755,2025-12-09,CRASH
2025-12-12 15:00:00+00:00,3215.35,CRASH,-0.3503792240957818,2025-12-12,CORRECTION
2025-12-13 08:00:00+00:00,3095.65,CORRECTION,-0.3745630942423397,2025-12-13,CRASH
2025-12-15 17:00:00+00:00,2977.51,CRASH,-0.3984317861313484,2025-12-15,CORRECTION
2025-12-17 14:00:00+00:00,2942.89,CORRECTION,-0.4054263190008041,2025-12-17,CRASH
2025-12-17 15:00:00+00:00,2995.8,CRASH,-0.3947365230989295,2025-12-17,CORRECTION
2025-12-19 16:00:00+00:00,2975.81,RECOVERY,-0.3987752496171392,2025-12-19,CRASH
2025-12-22 19:00:00+00:00,3003.92,CRASH,-0.3930959798609175,2025-12-22,RECOVERY
2025-12-22 21:00:00+00:00,2981.9,CORRECTION,-0.3975448421886301,2025-12-22,CRASH
2025-12-23 04:00:00+00:00,2985.14,CRASH,-0.3968902411921819,2025-12-23,CORRECTION
2025-12-29 02:00:00+00:00,2985.09,CORRECTION,-0.3969003430594111,2025-12-29,CRASH
2025-12-29 09:00:00+00:00,3011.26,CRASH,-0.3916130257516799,2025-12-29,CORRECTION
2025-12-30 14:00:00+00:00,2964.39,CORRECTION,-0.4010825160922745,2025-12-30,CRASH
2025-12-30 16:00:00+00:00,2977.62,CRASH,-0.3984095620234444,2025-12-30,CORRECTION
2025-12-31 11:00:00+00:00,2977.6,CORRECTION,-0.3984136027703361,2025-12-31,CRASH
2025-12-31 12:00:00+00:00,2993.04,CRASH,-0.395294146169978,2025-12-31,CORRECTION
2025-12-31 13:00:00+00:00,2986.5,CORRECTION,-0.3966154704035494,2025-12-31,CRASH
2025-12-31 15:00:00+00:00,2989.79,CRASH,-0.3959507675398721,2025-12-31,CORRECTION
2026-01-01 11:00:00+00:00,2981.28,CORRECTION,-0.3976701053422714,2026-01-01,CRASH
2026-01-01 12:00:00+00:00,2984.79,CRASH,-0.3969609542627859,2026-01-01,CORRECTION
2026-01-01 15:00:00+00:00,2980.05,CORRECTION,-0.3979186112761082,2026-01-01,CRASH
2026-01-01 16:00:00+00:00,2983.12,CRASH,-0.3972983566282392,2026-01-01,CORRECTION
2026-01-01 17:00:00+00:00,2980.11,CORRECTION,-0.3979064890354333,2026-01-01,CRASH
2026-01-05 19:00:00+00:00,3219.84,RECOVERY,-0.3494720764186051,2026-01-05,CORRECTION
2026-01-12 19:00:00+00:00,3095.64,RANGE,-0.3745651146157856,2026-01-12,RECOVERY
2026-01-13 15:00:00+00:00,3138.55,BULL,-0.3658956921597388,2026-01-13,RANGE
2026-01-17 15:00:00+00:00,3310.36,RANGE,-0.3311836559869726,2026-01-17,BULL
2026-01-18 18:00:00+00:00,3339.47,BULL,-0.3253023488861681,2026-01-18,RANGE
2026-01-18 23:00:00+00:00,3327.0,RANGE,-0.3278217545731153,2026-01-18,BULL
2026-01-20 18:00:00+00:00,2999.0,CRASH,-0.3940900035962647,2026-01-20,RANGE
2026-02-07 04:00:00+00:00,2088.97,RECOVERY,-0.5779500482869254,2026-02-07,CRASH
2026-02-10 06:00:00+00:00,2053.62,CRASH,-0.5850920684179264,2026-02-10,RECOVERY
2026-02-25 08:00:00+00:00,1891.92,RECOVERY,-0.6177615070369606,2026-02-25,CRASH
2026-02-28 08:00:00+00:00,1865.3,CRASH,-0.6231397411497541,2026-02-28,RECOVERY
2026-03-04 15:00:00+00:00,2084.55,CORRECTION,-0.5788430533499812,2026-03-04,CRASH
2026-03-15 08:00:00+00:00,2107.39,RECOVERY,-0.5742285203997107,2026-03-15,CORRECTION
2026-03-22 08:00:00+00:00,2088.48,RANGE,-0.5780490465857709,2026-03-22,RECOVERY
2026-03-22 11:00:00+00:00,2081.77,CRASH,-0.5794047171679213,2026-03-22,RANGE
2026-03-22 12:00:00+00:00,2069.57,CORRECTION,-0.5818695727718312,2026-03-22,CRASH
2026-03-22 18:00:00+00:00,2077.09,CRASH,-0.5803502519405687,2026-03-22,CORRECTION
2026-03-23 11:00:00+00:00,2049.58,CORRECTION,-0.5859082992900407,2026-03-23,CRASH
2026-03-26 10:00:00+00:00,2076.55,CRASH,-0.5804593521066433,2026-03-26,CORRECTION
2026-03-26 13:00:00+00:00,2071.79,CORRECTION,-0.5814210498668574,2026-03-26,CRASH
2026-03-26 14:00:00+00:00,2079.4,CRASH,-0.5798835456745824,2026-03-26,CORRECTION
2026-03-31 16:00:00+00:00,2056.96,CORRECTION,-0.5844172636870199,2026-03-31,CRASH
2026-04-02 02:00:00+00:00,2091.29,CRASH,-0.5774813216474933,2026-04-02,CORRECTION
2026-04-05 22:00:00+00:00,2065.6,RECOVERY,-0.5826716610298248,2026-04-05,CRASH
2026-04-12 22:00:00+00:00,2189.6,RANGE,-0.5576190303015609,2026-04-12,RECOVERY
2026-04-13 22:00:00+00:00,2263.77,BULL,-0.5426339204538567,2026-04-13,RANGE
